ts_ms,event_id,period,display_clock,home_team,home_score,away_team,away_score,home_score_delta,away_score_delta,game_state,event_type
1781867604228,760445,0,0',SCO,0,MAR,0,0,0,pre,start
1781867610753,760445,0,0',SCO,0,MAR,0,0,0,pre,heartbeat
1781867640114,760445,0,0',SCO,0,MAR,0,0,0,pre,heartbeat
1781867670050,760445,0,0',SCO,0,MAR,0,0,0,pre,heartbeat
1781867700393,760445,0,0',SCO,0,MAR,0,0,0,pre,heartbeat
1781867730350,760445,0,0',SCO,0,MAR,0,0,0,pre,heartbeat
1781867760515,760445,0,0',SCO,0,MAR,0,0,0,pre,heartbeat
1781867790019,760445,0,0',SCO,0,MAR,0,0,0,pre,heartbeat
1781867791055,760445,0,0',SCO,0,MAR,0,0,0,pre,heartbeat
1781867820271,760445,0,0',SCO,0,MAR,0,0,0,pre,heartbeat
1781867850227,760445,0,0',SCO,0,MAR,0,0,0,pre,heartbeat
1781867880188,760445,0,0',SCO,0,MAR,0,0,0,pre,heartbeat
1781867910075,760445,0,0',SCO,0,MAR,0,0,0,pre,heartbeat
1781867941030,760445,0,0',SCO,0,MAR,0,0,0,pre,heartbeat
1781867970941,760445,0,0',SCO,0,MAR,0,0,0,pre,heartbeat
1781868000829,760445,0,0',SCO,0,MAR,0,0,0,pre,heartbeat
1781868030762,760445,0,0',SCO,0,MAR,0,0,0,pre,heartbeat
1781868060624,760445,0,0',SCO,0,MAR,0,0,0,pre,heartbeat
1781868090503,760445,0,0',SCO,0,MAR,0,0,0,pre,heartbeat
1781868120430,760445,0,0',SCO,0,MAR,0,0,0,pre,heartbeat
1781868150603,760445,0,0',SCO,0,MAR,0,0,0,pre,heartbeat
1781868180379,760445,0,0',SCO,0,MAR,0,0,0,pre,heartbeat
1781868210352,760445,0,0',SCO,0,MAR,0,0,0,pre,heartbeat
1781868240603,760445,0,0',SCO,0,MAR,0,0,0,pre,heartbeat
1781868271025,760445,0,0',SCO,0,MAR,0,0,0,pre,heartbeat
1781868300251,760445,0,0',SCO,0,MAR,0,0,0,pre,heartbeat
1781868330419,760445,0,0',SCO,0,MAR,0,0,0,pre,heartbeat
1781868360231,760445,0,0',SCO,0,MAR,0,0,0,pre,heartbeat
1781868390203,760445,0,0',SCO,0,MAR,0,0,0,pre,heartbeat
1781868420052,760445,0,0',SCO,0,MAR,0,0,0,pre,heartbeat
1781868421083,760445,0,0',SCO,0,MAR,0,0,0,pre,heartbeat
1781868450027,760445,0,0',SCO,0,MAR,0,0,0,pre,heartbeat
1781868451060,760445,0,0',SCO,0,MAR,0,0,0,pre,heartbeat
1781868480925,760445,0,0',SCO,0,MAR,0,0,0,pre,heartbeat
1781868510888,760445,0,0',SCO,0,MAR,0,0,0,pre,heartbeat
1781868540855,760445,0,0',SCO,0,MAR,0,0,0,pre,heartbeat
1781868570830,760445,0,0',SCO,0,MAR,0,0,0,pre,heartbeat
1781868600773,760445,0,0',SCO,0,MAR,0,0,0,pre,heartbeat
1781868630897,760445,0,0',SCO,0,MAR,0,0,0,pre,heartbeat
1781868660986,760445,0,0',SCO,0,MAR,0,0,0,pre,heartbeat
1781868690941,760445,0,0',SCO,0,MAR,0,0,0,pre,heartbeat
1781868720052,760445,0,0',SCO,0,MAR,0,0,0,pre,heartbeat
1781868750229,760445,0,0',SCO,0,MAR,0,0,0,pre,heartbeat
1781868780199,760445,0,0',SCO,0,MAR,0,0,0,pre,heartbeat
1781868810309,760445,0,0',SCO,0,MAR,0,0,0,pre,heartbeat
1781868840257,760445,0,0',SCO,0,MAR,0,0,0,pre,heartbeat
1781868870184,760445,0,0',SCO,0,MAR,0,0,0,pre,heartbeat
1781868900034,760445,0,0',SCO,0,MAR,0,0,0,pre,heartbeat
1781868901060,760445,0,0',SCO,0,MAR,0,0,0,pre,heartbeat
1781868930304,760445,0,0',SCO,0,MAR,0,0,0,pre,heartbeat
1781868960633,760445,0,0',SCO,0,MAR,0,0,0,pre,heartbeat
1781868990138,760445,0,0',SCO,0,MAR,0,0,0,pre,heartbeat
1781869020083,760445,0,0',SCO,0,MAR,0,0,0,pre,heartbeat
1781869050864,760445,0,0',SCO,0,MAR,0,0,0,pre,heartbeat
1781869080797,760445,0,0',SCO,0,MAR,0,0,0,pre,heartbeat
1781869110711,760445,0,0',SCO,0,MAR,0,0,0,pre,heartbeat
1781869140599,760445,0,0',SCO,0,MAR,0,0,0,pre,heartbeat
1781869170544,760445,0,0',SCO,0,MAR,0,0,0,pre,heartbeat
1781869200568,760445,0,0',SCO,0,MAR,0,0,0,pre,heartbeat
1781869230527,760445,0,0',SCO,0,MAR,0,0,0,pre,heartbeat
1781869260480,760445,0,0',SCO,0,MAR,0,0,0,pre,heartbeat
1781869290482,760445,0,0',SCO,0,MAR,0,0,0,pre,heartbeat
1781869320464,760445,0,0',SCO,0,MAR,0,0,0,pre,heartbeat
1781869350599,760445,0,0',SCO,0,MAR,0,0,0,pre,heartbeat
1781869380672,760445,0,0',SCO,0,MAR,0,0,0,pre,heartbeat
1781869410702,760445,0,0',SCO,0,MAR,0,0,0,pre,heartbeat
1781869440740,760445,0,0',SCO,0,MAR,0,0,0,pre,heartbeat
1781869470777,760445,0,0',SCO,0,MAR,0,0,0,pre,heartbeat
1781869500694,760445,0,0',SCO,0,MAR,0,0,0,pre,heartbeat
1781869530511,760445,0,0',SCO,0,MAR,0,0,0,pre,heartbeat
1781869560599,760445,0,0',SCO,0,MAR,0,0,0,pre,heartbeat
1781869590384,760445,0,0',SCO,0,MAR,0,0,0,pre,heartbeat
1781869620249,760445,0,0',SCO,0,MAR,0,0,0,pre,heartbeat
1781869650156,760445,0,0',SCO,0,MAR,0,0,0,pre,heartbeat
1781869680056,760445,0,0',SCO,0,MAR,0,0,0,pre,heartbeat
1781869681080,760445,0,0',SCO,0,MAR,0,0,0,pre,heartbeat
1781869711014,760445,0,0',SCO,0,MAR,0,0,0,pre,heartbeat
1781869740777,760445,0,0',SCO,0,MAR,0,0,0,pre,heartbeat
1781869770700,760445,0,0',SCO,0,MAR,0,0,0,pre,heartbeat
1781869800860,760445,0,0',SCO,0,MAR,0,0,0,pre,heartbeat
1781869830163,760445,0,0',SCO,0,MAR,0,0,0,pre,heartbeat
1781869860020,760445,0,0',SCO,0,MAR,0,0,0,pre,heartbeat
1781869861074,760445,0,0',SCO,0,MAR,0,0,0,pre,heartbeat
1781869890015,760445,0,0',SCO,0,MAR,0,0,0,pre,heartbeat
1781869891040,760445,0,0',SCO,0,MAR,0,0,0,pre,heartbeat
1781869920994,760445,0,0',SCO,0,MAR,0,0,0,pre,heartbeat
1781869950243,760445,0,0',SCO,0,MAR,0,0,0,pre,heartbeat
1781869980446,760445,0,0',SCO,0,MAR,0,0,0,pre,heartbeat
1781870010352,760445,0,0',SCO,0,MAR,0,0,0,pre,heartbeat
1781870040223,760445,0,0',SCO,0,MAR,0,0,0,pre,heartbeat
1781870070024,760445,0,0',SCO,0,MAR,0,0,0,pre,heartbeat
1781870071058,760445,0,0',SCO,0,MAR,0,0,0,pre,heartbeat
1781870100933,760445,0,0',SCO,0,MAR,0,0,0,pre,heartbeat
1781870130706,760445,0,0',SCO,0,MAR,0,0,0,pre,heartbeat
1781870160543,760445,0,0',SCO,0,MAR,0,0,0,pre,heartbeat
1781870190732,760445,0,0',SCO,0,MAR,0,0,0,pre,heartbeat
1781870220833,760445,0,0',SCO,0,MAR,0,0,0,pre,heartbeat
1781870250041,760445,0,0',SCO,0,MAR,0,0,0,pre,heartbeat
1781870251065,760445,0,0',SCO,0,MAR,0,0,0,pre,heartbeat
1781870281014,760445,0,0',SCO,0,MAR,0,0,0,pre,heartbeat
1781870310217,760445,0,0',SCO,0,MAR,0,0,0,pre,heartbeat
1781870340083,760445,0,0',SCO,0,MAR,0,0,0,pre,heartbeat
1781870370213,760445,0,0',SCO,0,MAR,0,0,0,pre,heartbeat
1781870400560,760445,0,0',SCO,0,MAR,0,0,0,pre,heartbeat
1781870430955,760445,0,0',SCO,0,MAR,0,0,0,pre,heartbeat
1781870460286,760445,0,0',SCO,0,MAR,0,0,0,pre,heartbeat
1781870490594,760445,0,0',SCO,0,MAR,0,0,0,pre,heartbeat
1781870520565,760445,0,0',SCO,0,MAR,0,0,0,pre,heartbeat
1781870550764,760445,0,0',SCO,0,MAR,0,0,0,pre,heartbeat
1781870580676,760445,0,0',SCO,0,MAR,0,0,0,pre,heartbeat
1781870610807,760445,0,0',SCO,0,MAR,0,0,0,pre,heartbeat
1781870640099,760445,0,0',SCO,0,MAR,0,0,0,pre,heartbeat
1781870670130,760445,0,0',SCO,0,MAR,0,0,0,pre,heartbeat
1781870700292,760445,0,0',SCO,0,MAR,0,0,0,pre,heartbeat
1781870730353,760445,0,0',SCO,0,MAR,0,0,0,pre,heartbeat
1781870760464,760445,0,0',SCO,0,MAR,0,0,0,pre,heartbeat
1781870790546,760445,0,0',SCO,0,MAR,0,0,0,pre,heartbeat
1781870820680,760445,0,0',SCO,0,MAR,0,0,0,pre,heartbeat
1781870850756,760445,0,0',SCO,0,MAR,0,0,0,pre,heartbeat
1781870880740,760445,0,0',SCO,0,MAR,0,0,0,pre,heartbeat
1781870910923,760445,0,0',SCO,0,MAR,0,0,0,pre,heartbeat
1781870940971,760445,0,0',SCO,0,MAR,0,0,0,pre,heartbeat
1781870970526,760445,0,0',SCO,0,MAR,0,0,0,pre,heartbeat
1781871000628,760445,0,0',SCO,0,MAR,0,0,0,pre,heartbeat
1781871030913,760445,0,0',SCO,0,MAR,0,0,0,pre,heartbeat
1781871060999,760445,0,0',SCO,0,MAR,0,0,0,pre,heartbeat
1781871090925,760445,0,0',SCO,0,MAR,0,0,0,pre,heartbeat
1781871120272,760445,0,0',SCO,0,MAR,0,0,0,pre,heartbeat
1781871150726,760445,0,0',SCO,0,MAR,0,0,0,pre,heartbeat
1781871180975,760445,0,0',SCO,0,MAR,0,0,0,pre,heartbeat
1781871210902,760445,0,0',SCO,0,MAR,0,0,0,pre,heartbeat
1781871240817,760445,0,0',SCO,0,MAR,0,0,0,pre,heartbeat
1781871270723,760445,0,0',SCO,0,MAR,0,0,0,pre,heartbeat
1781871300525,760445,0,0',SCO,0,MAR,0,0,0,pre,heartbeat
1781871330385,760445,0,0',SCO,0,MAR,0,0,0,pre,heartbeat
1781871360285,760445,0,0',SCO,0,MAR,0,0,0,pre,heartbeat
1781871390547,760445,0,0',SCO,0,MAR,0,0,0,pre,heartbeat
1781871420740,760445,0,0',SCO,0,MAR,0,0,0,pre,heartbeat
1781871450613,760445,0,0',SCO,0,MAR,0,0,0,pre,heartbeat
1781871480725,760445,0,0',SCO,0,MAR,0,0,0,pre,heartbeat
1781871510711,760445,0,0',SCO,0,MAR,0,0,0,pre,heartbeat
1781871540734,760445,0,0',SCO,0,MAR,0,0,0,pre,heartbeat
1781871571011,760445,0,0',SCO,0,MAR,0,0,0,pre,heartbeat
1781871600008,760445,0,0',SCO,0,MAR,0,0,0,pre,heartbeat
1781871601081,760445,0,0',SCO,0,MAR,0,0,0,pre,heartbeat
1781871630185,760445,0,0',SCO,0,MAR,0,0,0,pre,heartbeat
1781871660236,760445,0,0',SCO,0,MAR,0,0,0,pre,heartbeat
1781871690422,760445,0,0',SCO,0,MAR,0,0,0,pre,heartbeat
1781871720541,760445,0,0',SCO,0,MAR,0,0,0,pre,heartbeat
1781871750711,760445,0,0',SCO,0,MAR,0,0,0,pre,heartbeat
1781871781002,760445,0,0',SCO,0,MAR,0,0,0,pre,heartbeat
1781871810084,760445,0,0',SCO,0,MAR,0,0,0,pre,heartbeat
1781871840320,760445,0,0',SCO,0,MAR,0,0,0,pre,heartbeat
1781871871072,760445,0,0',SCO,0,MAR,0,0,0,pre,heartbeat
1781871900822,760445,0,0',SCO,0,MAR,0,0,0,pre,heartbeat
1781871930123,760445,0,0',SCO,0,MAR,0,0,0,pre,heartbeat
1781871960139,760445,0,0',SCO,0,MAR,0,0,0,pre,heartbeat
1781871990419,760445,0,0',SCO,0,MAR,0,0,0,pre,heartbeat
1781872020626,760445,0,0',SCO,0,MAR,0,0,0,pre,heartbeat
1781872050600,760445,0,0',SCO,0,MAR,0,0,0,pre,heartbeat
1781872080873,760445,0,0',SCO,0,MAR,0,0,0,pre,heartbeat
1781872110772,760445,0,0',SCO,0,MAR,0,0,0,pre,heartbeat
1781872140973,760445,0,0',SCO,0,MAR,0,0,0,pre,heartbeat
1781872170241,760445,0,0',SCO,0,MAR,0,0,0,pre,heartbeat
1781872200405,760445,0,0',SCO,0,MAR,0,0,0,pre,heartbeat
1781872230656,760445,0,0',SCO,0,MAR,0,0,0,pre,heartbeat
1781872260145,760445,0,0',SCO,0,MAR,0,0,0,pre,heartbeat
1781872290007,760445,0,0',SCO,0,MAR,0,0,0,pre,heartbeat
1781872291040,760445,0,0',SCO,0,MAR,0,0,0,pre,heartbeat
1781872320454,760445,0,0',SCO,0,MAR,0,0,0,pre,heartbeat
1781872350230,760445,0,0',SCO,0,MAR,0,0,0,pre,heartbeat
1781872380372,760445,0,0',SCO,0,MAR,0,0,0,pre,heartbeat
1781872410275,760445,0,0',SCO,0,MAR,0,0,0,pre,heartbeat
1781872440275,760445,0,0',SCO,0,MAR,0,0,0,pre,heartbeat
1781872470689,760445,0,0',SCO,0,MAR,0,0,0,pre,heartbeat
1781872500237,760445,0,0',SCO,0,MAR,0,0,0,pre,heartbeat
1781872530502,760445,0,0',SCO,0,MAR,0,0,0,pre,heartbeat
1781872560672,760445,0,0',SCO,0,MAR,0,0,0,pre,heartbeat
1781872590831,760445,0,0',SCO,0,MAR,0,0,0,pre,heartbeat
1781872620305,760445,0,0',SCO,0,MAR,0,0,0,pre,heartbeat
1781872650213,760445,0,0',SCO,0,MAR,0,0,0,pre,heartbeat
1781872680519,760445,0,0',SCO,0,MAR,0,0,0,pre,heartbeat
1781872710147,760445,0,0',SCO,0,MAR,0,0,0,pre,heartbeat
1781872740464,760445,0,0',SCO,0,MAR,0,0,0,pre,heartbeat
1781872770957,760445,0,0',SCO,0,MAR,0,0,0,pre,heartbeat
1781872800280,760445,0,0',SCO,0,MAR,0,0,0,pre,heartbeat
1781872830288,760445,0,0',SCO,0,MAR,0,0,0,pre,heartbeat
1781872860382,760445,0,0',SCO,0,MAR,0,0,0,pre,heartbeat
1781872890542,760445,0,0',SCO,0,MAR,0,0,0,pre,heartbeat
1781872920684,760445,0,0',SCO,0,MAR,0,0,0,pre,heartbeat
1781872950051,760445,0,0',SCO,0,MAR,0,0,0,pre,heartbeat
1781872951079,760445,0,0',SCO,0,MAR,0,0,0,pre,heartbeat
1781872981004,760445,0,0',SCO,0,MAR,0,0,0,pre,heartbeat
1781873010306,760445,0,0',SCO,0,MAR,0,0,0,pre,heartbeat
1781873040675,760445,0,0',SCO,0,MAR,0,0,0,pre,heartbeat
1781873070976,760445,0,0',SCO,0,MAR,0,0,0,pre,heartbeat
1781873101018,760445,0,0',SCO,0,MAR,0,0,0,pre,heartbeat
1781873130503,760445,0,0',SCO,0,MAR,0,0,0,pre,heartbeat
1781873160797,760445,0,0',SCO,0,MAR,0,0,0,pre,heartbeat
1781873190867,760445,0,0',SCO,0,MAR,0,0,0,pre,heartbeat
1781873220335,760445,0,0',SCO,0,MAR,0,0,0,pre,heartbeat
1781873250748,760445,0,0',SCO,0,MAR,0,0,0,pre,heartbeat
1781873280781,760445,0,0',SCO,0,MAR,0,0,0,pre,heartbeat
1781873311003,760445,0,0',SCO,0,MAR,0,0,0,pre,heartbeat
1781873340136,760445,0,0',SCO,0,MAR,0,0,0,pre,heartbeat
1781873370485,760445,0,0',SCO,0,MAR,0,0,0,pre,heartbeat
1781873400843,760445,0,0',SCO,0,MAR,0,0,0,pre,heartbeat
1781873430188,760445,0,0',SCO,0,MAR,0,0,0,pre,heartbeat
1781873460391,760445,0,0',SCO,0,MAR,0,0,0,pre,heartbeat
1781873490825,760445,0,0',SCO,0,MAR,0,0,0,pre,heartbeat
1781873520204,760445,0,0',SCO,0,MAR,0,0,0,pre,heartbeat
1781873550531,760445,0,0',SCO,0,MAR,0,0,0,pre,heartbeat
1781873580829,760445,0,0',SCO,0,MAR,0,0,0,pre,heartbeat
1781873610008,760445,0,0',SCO,0,MAR,0,0,0,pre,heartbeat
1781873611034,760445,0,0',SCO,0,MAR,0,0,0,pre,heartbeat
1781873640834,760445,0,0',SCO,0,MAR,0,0,0,pre,heartbeat
1781873670622,760445,0,0',SCO,0,MAR,0,0,0,pre,heartbeat
1781873700954,760445,0,0',SCO,0,MAR,0,0,0,pre,heartbeat
1781873730992,760445,0,0',SCO,0,MAR,0,0,0,pre,heartbeat
1781873760252,760445,0,0',SCO,0,MAR,0,0,0,pre,heartbeat
1781873790569,760445,0,0',SCO,0,MAR,0,0,0,pre,heartbeat
1781873820657,760445,0,0',SCO,0,MAR,0,0,0,pre,heartbeat
1781873850453,760445,0,0',SCO,0,MAR,0,0,0,pre,heartbeat
1781873880433,760445,0,0',SCO,0,MAR,0,0,0,pre,heartbeat
1781873910994,760445,0,0',SCO,0,MAR,0,0,0,pre,heartbeat
1781873941009,760445,0,0',SCO,0,MAR,0,0,0,pre,heartbeat
1781873970405,760445,0,0',SCO,0,MAR,0,0,0,pre,heartbeat
1781874000431,760445,0,0',SCO,0,MAR,0,0,0,pre,heartbeat
1781874030560,760445,0,0',SCO,0,MAR,0,0,0,pre,heartbeat
1781874060830,760445,0,0',SCO,0,MAR,0,0,0,pre,heartbeat
1781874090218,760445,0,0',SCO,0,MAR,0,0,0,pre,heartbeat
1781874120690,760445,0,0',SCO,0,MAR,0,0,0,pre,heartbeat
1781874150839,760445,0,0',SCO,0,MAR,0,0,0,pre,heartbeat
1781874180917,760445,0,0',SCO,0,MAR,0,0,0,pre,heartbeat
1781874210066,760445,0,0',SCO,0,MAR,0,0,0,pre,heartbeat
1781874240018,760445,0,0',SCO,0,MAR,0,0,0,pre,heartbeat
1781874241058,760445,0,0',SCO,0,MAR,0,0,0,pre,heartbeat
1781874270083,760445,0,0',SCO,0,MAR,0,0,0,pre,heartbeat
1781874300220,760445,0,0',SCO,0,MAR,0,0,0,pre,heartbeat
1781874330442,760445,0,0',SCO,0,MAR,0,0,0,pre,heartbeat
1781874360852,760445,0,0',SCO,0,MAR,0,0,0,pre,heartbeat
1781874390151,760445,0,0',SCO,0,MAR,0,0,0,pre,heartbeat
1781874420348,760445,0,0',SCO,0,MAR,0,0,0,pre,heartbeat
1781874450427,760445,0,0',SCO,0,MAR,0,0,0,pre,heartbeat
1781874480316,760445,0,0',SCO,0,MAR,0,0,0,pre,heartbeat
1781874510321,760445,0,0',SCO,0,MAR,0,0,0,pre,heartbeat
1781874540400,760445,0,0',SCO,0,MAR,0,0,0,pre,heartbeat
1781874570333,760445,0,0',SCO,0,MAR,0,0,0,pre,heartbeat
1781874600273,760445,0,0',SCO,0,MAR,0,0,0,pre,heartbeat
1781874630715,760445,0,0',SCO,0,MAR,0,0,0,pre,heartbeat
1781874660923,760445,0,0',SCO,0,MAR,0,0,0,pre,heartbeat
1781874690296,760445,0,0',SCO,0,MAR,0,0,0,pre,heartbeat
1781874720716,760445,0,0',SCO,0,MAR,0,0,0,pre,heartbeat
1781874750105,760445,0,0',SCO,0,MAR,0,0,0,pre,heartbeat
1781874780385,760445,0,0',SCO,0,MAR,0,0,0,pre,heartbeat
1781874810634,760445,0,0',SCO,0,MAR,0,0,0,pre,heartbeat
1781874840881,760445,0,0',SCO,0,MAR,0,0,0,pre,heartbeat
1781874870150,760445,0,0',SCO,0,MAR,0,0,0,pre,heartbeat
1781874900461,760445,0,0',SCO,0,MAR,0,0,0,pre,heartbeat
1781874930697,760445,0,0',SCO,0,MAR,0,0,0,pre,heartbeat
1781874960794,760445,0,0',SCO,0,MAR,0,0,0,pre,heartbeat
1781874990322,760445,0,0',SCO,0,MAR,0,0,0,pre,heartbeat
1781875020744,760445,0,0',SCO,0,MAR,0,0,0,pre,heartbeat
1781875050654,760445,0,0',SCO,0,MAR,0,0,0,pre,heartbeat
1781875080620,760445,0,0',SCO,0,MAR,0,0,0,pre,heartbeat
1781875110818,760445,0,0',SCO,0,MAR,0,0,0,pre,heartbeat
1781875140794,760445,0,0',SCO,0,MAR,0,0,0,pre,heartbeat
1781875170180,760445,0,0',SCO,0,MAR,0,0,0,pre,heartbeat
1781875200347,760445,0,0',SCO,0,MAR,0,0,0,pre,heartbeat
1781875230195,760445,0,0',SCO,0,MAR,0,0,0,pre,heartbeat
1781875260544,760445,0,0',SCO,0,MAR,0,0,0,pre,heartbeat
1781875290948,760445,0,0',SCO,0,MAR,0,0,0,pre,heartbeat
1781875320216,760445,0,0',SCO,0,MAR,0,0,0,pre,heartbeat
1781875350687,760445,0,0',SCO,0,MAR,0,0,0,pre,heartbeat
1781875380755,760445,0,0',SCO,0,MAR,0,0,0,pre,heartbeat
1781875410603,760445,0,0',SCO,0,MAR,0,0,0,pre,heartbeat
1781875440792,760445,0,0',SCO,0,MAR,0,0,0,pre,heartbeat
1781875470994,760445,0,0',SCO,0,MAR,0,0,0,pre,heartbeat
1781875500608,760445,0,0',SCO,0,MAR,0,0,0,pre,heartbeat
1781875530874,760445,0,0',SCO,0,MAR,0,0,0,pre,heartbeat
1781875560068,760445,0,0',SCO,0,MAR,0,0,0,pre,heartbeat
1781875590444,760445,0,0',SCO,0,MAR,0,0,0,pre,heartbeat
1781875620784,760445,0,0',SCO,0,MAR,0,0,0,pre,heartbeat
1781875650126,760445,0,0',SCO,0,MAR,0,0,0,pre,heartbeat
1781875680523,760445,0,0',SCO,0,MAR,0,0,0,pre,heartbeat
1781875710734,760445,0,0',SCO,0,MAR,0,0,0,pre,heartbeat
1781875740012,760445,0,0',SCO,0,MAR,0,0,0,pre,heartbeat
1781875741048,760445,0,0',SCO,0,MAR,0,0,0,pre,heartbeat
1781875770411,760445,0,0',SCO,0,MAR,0,0,0,pre,heartbeat
1781875800897,760445,0,0',SCO,0,MAR,0,0,0,pre,heartbeat
1781875830409,760445,0,0',SCO,0,MAR,0,0,0,pre,heartbeat
1781875860646,760445,0,0',SCO,0,MAR,0,0,0,pre,heartbeat
1781875890959,760445,0,0',SCO,0,MAR,0,0,0,pre,heartbeat
1781875920354,760445,0,0',SCO,0,MAR,0,0,0,pre,heartbeat
1781875950758,760445,0,0',SCO,0,MAR,0,0,0,pre,heartbeat
1781875980962,760445,0,0',SCO,0,MAR,0,0,0,pre,heartbeat
1781876010330,760445,0,0',SCO,0,MAR,0,0,0,pre,heartbeat
1781876040558,760445,0,0',SCO,0,MAR,0,0,0,pre,heartbeat
1781876070949,760445,0,0',SCO,0,MAR,0,0,0,pre,heartbeat
1781876100119,760445,0,0',SCO,0,MAR,0,0,0,pre,heartbeat
1781876130848,760445,0,0',SCO,0,MAR,0,0,0,pre,heartbeat
1781876161037,760445,0,0',SCO,0,MAR,0,0,0,pre,heartbeat
1781876190189,760445,0,0',SCO,0,MAR,0,0,0,pre,heartbeat
1781876220585,760445,0,0',SCO,0,MAR,0,0,0,pre,heartbeat
1781876250998,760445,0,0',SCO,0,MAR,0,0,0,pre,heartbeat
1781876280506,760445,0,0',SCO,0,MAR,0,0,0,pre,heartbeat
1781876310937,760445,0,0',SCO,0,MAR,0,0,0,pre,heartbeat
1781876340296,760445,0,0',SCO,0,MAR,0,0,0,pre,heartbeat
1781876370654,760445,0,0',SCO,0,MAR,0,0,0,pre,heartbeat
1781876400943,760445,0,0',SCO,0,MAR,0,0,0,pre,heartbeat
1781876430364,760445,0,0',SCO,0,MAR,0,0,0,pre,heartbeat
1781876460558,760445,0,0',SCO,0,MAR,0,0,0,pre,heartbeat
1781876490815,760445,0,0',SCO,0,MAR,0,0,0,pre,heartbeat
1781876520116,760445,0,0',SCO,0,MAR,0,0,0,pre,heartbeat
1781876550402,760445,0,0',SCO,0,MAR,0,0,0,pre,heartbeat
1781876580742,760445,0,0',SCO,0,MAR,0,0,0,pre,heartbeat
1781876610198,760445,0,0',SCO,0,MAR,0,0,0,pre,heartbeat
1781876640225,760445,0,0',SCO,0,MAR,0,0,0,pre,heartbeat
1781876670588,760445,0,0',SCO,0,MAR,0,0,0,pre,heartbeat
1781876700873,760445,0,0',SCO,0,MAR,0,0,0,pre,heartbeat
1781876730220,760445,0,0',SCO,0,MAR,0,0,0,pre,heartbeat
1781876760368,760445,0,0',SCO,0,MAR,0,0,0,pre,heartbeat
1781876790858,760445,0,0',SCO,0,MAR,0,0,0,pre,heartbeat
1781876820167,760445,0,0',SCO,0,MAR,0,0,0,pre,heartbeat
1781876850504,760445,0,0',SCO,0,MAR,0,0,0,pre,heartbeat
1781876880831,760445,0,0',SCO,0,MAR,0,0,0,pre,heartbeat
1781876910176,760445,0,0',SCO,0,MAR,0,0,0,pre,heartbeat
1781876940331,760445,0,0',SCO,0,MAR,0,0,0,pre,heartbeat
1781876970473,760445,0,0',SCO,0,MAR,0,0,0,pre,heartbeat
1781877000724,760445,0,0',SCO,0,MAR,0,0,0,pre,heartbeat
1781877030194,760445,0,0',SCO,0,MAR,0,0,0,pre,heartbeat
1781877060370,760445,0,0',SCO,0,MAR,0,0,0,pre,heartbeat
1781877090534,760445,0,0',SCO,0,MAR,0,0,0,pre,heartbeat
1781877120883,760445,0,0',SCO,0,MAR,0,0,0,pre,heartbeat
1781877150178,760445,0,0',SCO,0,MAR,0,0,0,pre,heartbeat
1781877180609,760445,0,0',SCO,0,MAR,0,0,0,pre,heartbeat
1781877210100,760445,0,0',SCO,0,MAR,0,0,0,pre,heartbeat
1781877240564,760445,0,0',SCO,0,MAR,0,0,0,pre,heartbeat
1781877270768,760445,0,0',SCO,0,MAR,0,0,0,pre,heartbeat
1781877301001,760445,0,0',SCO,0,MAR,0,0,0,pre,heartbeat
1781877330234,760445,0,0',SCO,0,MAR,0,0,0,pre,heartbeat
1781877360289,760445,0,0',SCO,0,MAR,0,0,0,pre,heartbeat
1781877390663,760445,0,0',SCO,0,MAR,0,0,0,pre,heartbeat
1781877420759,760445,0,0',SCO,0,MAR,0,0,0,pre,heartbeat
1781877450163,760445,0,0',SCO,0,MAR,0,0,0,pre,heartbeat
1781877480566,760445,0,0',SCO,0,MAR,0,0,0,pre,heartbeat
1781877510932,760445,0,0',SCO,0,MAR,0,0,0,pre,heartbeat
1781877540335,760445,0,0',SCO,0,MAR,0,0,0,pre,heartbeat
1781877570861,760445,0,0',SCO,0,MAR,0,0,0,pre,heartbeat
1781877600199,760445,0,0',SCO,0,MAR,0,0,0,pre,heartbeat
1781877630774,760445,0,0',SCO,0,MAR,0,0,0,pre,heartbeat
1781877660910,760445,0,0',SCO,0,MAR,0,0,0,pre,heartbeat
1781877690249,760445,0,0',SCO,0,MAR,0,0,0,pre,heartbeat
1781877720655,760445,0,0',SCO,0,MAR,0,0,0,pre,heartbeat
1781877750965,760445,0,0',SCO,0,MAR,0,0,0,pre,heartbeat
1781877780332,760445,0,0',SCO,0,MAR,0,0,0,pre,heartbeat
1781877810607,760445,0,0',SCO,0,MAR,0,0,0,pre,heartbeat
1781877841000,760445,0,0',SCO,0,MAR,0,0,0,pre,heartbeat
1781877870167,760445,0,0',SCO,0,MAR,0,0,0,pre,heartbeat
1781877900326,760445,0,0',SCO,0,MAR,0,0,0,pre,heartbeat
1781877930864,760445,0,0',SCO,0,MAR,0,0,0,pre,heartbeat
1781877960148,760445,0,0',SCO,0,MAR,0,0,0,pre,heartbeat
1781877990653,760445,0,0',SCO,0,MAR,0,0,0,pre,heartbeat
1781878020871,760445,0,0',SCO,0,MAR,0,0,0,pre,heartbeat
1781878050144,760445,0,0',SCO,0,MAR,0,0,0,pre,heartbeat
1781878080099,760445,0,0',SCO,0,MAR,0,0,0,pre,heartbeat
1781878110852,760445,0,0',SCO,0,MAR,0,0,0,pre,heartbeat
1781878140611,760445,0,0',SCO,0,MAR,0,0,0,pre,heartbeat
1781878170464,760445,0,0',SCO,0,MAR,0,0,0,pre,heartbeat
1781878200300,760445,0,0',SCO,0,MAR,0,0,0,pre,heartbeat
1781878230100,760445,0,0',SCO,0,MAR,0,0,0,pre,heartbeat
1781878260053,760445,0,0',SCO,0,MAR,0,0,0,pre,heartbeat
1781878290023,760445,0,0',SCO,0,MAR,0,0,0,pre,heartbeat
1781878291047,760445,0,0',SCO,0,MAR,0,0,0,pre,heartbeat
1781878320803,760445,0,0',SCO,0,MAR,0,0,0,pre,heartbeat
1781878350614,760445,0,0',SCO,0,MAR,0,0,0,pre,heartbeat
1781878380475,760445,0,0',SCO,0,MAR,0,0,0,pre,heartbeat
1781878410260,760445,0,0',SCO,0,MAR,0,0,0,pre,heartbeat
1781878440132,760445,0,0',SCO,0,MAR,0,0,0,pre,heartbeat
1781878470960,760445,0,0',SCO,0,MAR,0,0,0,pre,heartbeat
1781878500707,760445,0,0',SCO,0,MAR,0,0,0,pre,heartbeat
1781878530494,760445,0,0',SCO,0,MAR,0,0,0,pre,heartbeat
1781878560298,760445,0,0',SCO,0,MAR,0,0,0,pre,heartbeat
1781878590046,760445,0,0',SCO,0,MAR,0,0,0,pre,heartbeat
1781878591070,760445,0,0',SCO,0,MAR,0,0,0,pre,heartbeat
1781878620937,760445,0,0',SCO,0,MAR,0,0,0,pre,heartbeat
1781878650654,760445,0,0',SCO,0,MAR,0,0,0,pre,heartbeat
1781878680419,760445,0,0',SCO,0,MAR,0,0,0,pre,heartbeat
1781878710172,760445,0,0',SCO,0,MAR,0,0,0,pre,heartbeat
1781878740964,760445,0,0',SCO,0,MAR,0,0,0,pre,heartbeat
1781878770699,760445,0,0',SCO,0,MAR,0,0,0,pre,heartbeat
1781878800503,760445,0,0',SCO,0,MAR,0,0,0,pre,heartbeat
1781878830269,760445,0,0',SCO,0,MAR,0,0,0,pre,heartbeat
1781878860003,760445,0,0',SCO,0,MAR,0,0,0,pre,heartbeat
1781878861029,760445,0,0',SCO,0,MAR,0,0,0,pre,heartbeat
1781878890727,760445,0,0',SCO,0,MAR,0,0,0,pre,heartbeat
1781878920459,760445,0,0',SCO,0,MAR,0,0,0,pre,heartbeat
1781878950288,760445,0,0',SCO,0,MAR,0,0,0,pre,heartbeat
1781878980047,760445,0,0',SCO,0,MAR,0,0,0,pre,heartbeat
1781878981070,760445,0,0',SCO,0,MAR,0,0,0,pre,heartbeat
1781879010879,760445,0,0',SCO,0,MAR,0,0,0,pre,heartbeat
1781879040627,760445,0,0',SCO,0,MAR,0,0,0,pre,heartbeat
1781879070471,760445,0,0',SCO,0,MAR,0,0,0,pre,heartbeat
1781879100202,760445,0,0',SCO,0,MAR,0,0,0,pre,heartbeat
1781879130985,760445,0,0',SCO,0,MAR,0,0,0,pre,heartbeat
1781879160761,760445,0,0',SCO,0,MAR,0,0,0,pre,heartbeat
1781879190454,760445,0,0',SCO,0,MAR,0,0,0,pre,heartbeat
1781879220204,760445,0,0',SCO,0,MAR,0,0,0,pre,heartbeat
1781879250959,760445,0,0',SCO,0,MAR,0,0,0,pre,heartbeat
1781879280756,760445,0,0',SCO,0,MAR,0,0,0,pre,heartbeat
1781879310606,760445,0,0',SCO,0,MAR,0,0,0,pre,heartbeat
1781879340354,760445,0,0',SCO,0,MAR,0,0,0,pre,heartbeat
1781879370063,760445,0,0',SCO,0,MAR,0,0,0,pre,heartbeat
1781879371085,760445,0,0',SCO,0,MAR,0,0,0,pre,heartbeat
1781879400834,760445,0,0',SCO,0,MAR,0,0,0,pre,heartbeat
1781879430713,760445,0,0',SCO,0,MAR,0,0,0,pre,heartbeat
1781879460475,760445,0,0',SCO,0,MAR,0,0,0,pre,heartbeat
1781879490251,760445,0,0',SCO,0,MAR,0,0,0,pre,heartbeat
1781879521021,760445,0,0',SCO,0,MAR,0,0,0,pre,heartbeat
1781879550772,760445,0,0',SCO,0,MAR,0,0,0,pre,heartbeat
1781879580583,760445,0,0',SCO,0,MAR,0,0,0,pre,heartbeat
1781879610419,760445,0,0',SCO,0,MAR,0,0,0,pre,heartbeat
1781879640256,760445,0,0',SCO,0,MAR,0,0,0,pre,heartbeat
1781879670053,760445,0,0',SCO,0,MAR,0,0,0,pre,heartbeat
1781879671080,760445,0,0',SCO,0,MAR,0,0,0,pre,heartbeat
1781879700850,760445,0,0',SCO,0,MAR,0,0,0,pre,heartbeat
1781879730583,760445,0,0',SCO,0,MAR,0,0,0,pre,heartbeat
1781879760396,760445,0,0',SCO,0,MAR,0,0,0,pre,heartbeat
1781879790188,760445,0,0',SCO,0,MAR,0,0,0,pre,heartbeat
1781879820954,760445,0,0',SCO,0,MAR,0,0,0,pre,heartbeat
1781879850805,760445,0,0',SCO,0,MAR,0,0,0,pre,heartbeat
1781879880556,760445,0,0',SCO,0,MAR,0,0,0,pre,heartbeat
1781879910274,760445,0,0',SCO,0,MAR,0,0,0,pre,heartbeat
1781879940038,760445,0,0',SCO,0,MAR,0,0,0,pre,heartbeat
1781879941069,760445,0,0',SCO,0,MAR,0,0,0,pre,heartbeat
1781879970871,760445,0,0',SCO,0,MAR,0,0,0,pre,heartbeat
1781880000599,760445,0,0',SCO,0,MAR,0,0,0,pre,heartbeat
1781880030483,760445,0,0',SCO,0,MAR,0,0,0,pre,heartbeat
1781880060223,760445,0,0',SCO,0,MAR,0,0,0,pre,heartbeat
1781880090999,760445,0,0',SCO,0,MAR,0,0,0,pre,heartbeat
1781880120703,760445,0,0',SCO,0,MAR,0,0,0,pre,heartbeat
1781880150380,760445,0,0',SCO,0,MAR,0,0,0,pre,heartbeat
1781880180093,760445,0,0',SCO,0,MAR,0,0,0,pre,heartbeat
1781880210864,760445,0,0',SCO,0,MAR,0,0,0,pre,heartbeat
1781880240681,760445,0,0',SCO,0,MAR,0,0,0,pre,heartbeat
1781880270377,760445,0,0',SCO,0,MAR,0,0,0,pre,heartbeat
1781880300095,760445,0,0',SCO,0,MAR,0,0,0,pre,heartbeat
1781880330906,760445,0,0',SCO,0,MAR,0,0,0,pre,heartbeat
1781880360742,760445,0,0',SCO,0,MAR,0,0,0,pre,heartbeat
1781880390611,760445,0,0',SCO,0,MAR,0,0,0,pre,heartbeat
1781880420479,760445,0,0',SCO,0,MAR,0,0,0,pre,heartbeat
1781880450302,760445,0,0',SCO,0,MAR,0,0,0,pre,heartbeat
1781880480039,760445,0,0',SCO,0,MAR,0,0,0,pre,heartbeat
1781880481072,760445,0,0',SCO,0,MAR,0,0,0,pre,heartbeat
1781880510968,760445,0,0',SCO,0,MAR,0,0,0,pre,heartbeat
1781880540800,760445,0,0',SCO,0,MAR,0,0,0,pre,heartbeat
1781880570535,760445,0,0',SCO,0,MAR,0,0,0,pre,heartbeat
1781880600295,760445,0,0',SCO,0,MAR,0,0,0,pre,heartbeat
1781880630092,760445,0,0',SCO,0,MAR,0,0,0,pre,heartbeat
1781880660964,760445,0,0',SCO,0,MAR,0,0,0,pre,heartbeat
1781880690693,760445,0,0',SCO,0,MAR,0,0,0,pre,heartbeat
1781880720518,760445,0,0',SCO,0,MAR,0,0,0,pre,heartbeat
1781880750253,760445,0,0',SCO,0,MAR,0,0,0,pre,heartbeat
1781880781024,760445,0,0',SCO,0,MAR,0,0,0,pre,heartbeat
1781880810792,760445,0,0',SCO,0,MAR,0,0,0,pre,heartbeat
1781880840581,760445,0,0',SCO,0,MAR,0,0,0,pre,heartbeat
1781880870372,760445,0,0',SCO,0,MAR,0,0,0,pre,heartbeat
1781880900102,760445,0,0',SCO,0,MAR,0,0,0,pre,heartbeat
1781880930932,760445,0,0',SCO,0,MAR,0,0,0,pre,heartbeat
1781880960702,760445,0,0',SCO,0,MAR,0,0,0,pre,heartbeat
1781880990551,760445,0,0',SCO,0,MAR,0,0,0,pre,heartbeat
1781881020360,760445,0,0',SCO,0,MAR,0,0,0,pre,heartbeat
1781881050173,760445,0,0',SCO,0,MAR,0,0,0,pre,heartbeat
1781881080956,760445,0,0',SCO,0,MAR,0,0,0,pre,heartbeat
1781881110773,760445,0,0',SCO,0,MAR,0,0,0,pre,heartbeat
1781881140633,760445,0,0',SCO,0,MAR,0,0,0,pre,heartbeat
1781881170460,760445,0,0',SCO,0,MAR,0,0,0,pre,heartbeat
1781881200230,760445,0,0',SCO,0,MAR,0,0,0,pre,heartbeat
1781881230070,760445,0,0',SCO,0,MAR,0,0,0,pre,heartbeat
1781881231096,760445,0,0',SCO,0,MAR,0,0,0,pre,heartbeat
1781881260974,760445,0,0',SCO,0,MAR,0,0,0,pre,heartbeat
1781881290860,760445,0,0',SCO,0,MAR,0,0,0,pre,heartbeat
1781881320696,760445,0,0',SCO,0,MAR,0,0,0,pre,heartbeat
1781881350496,760445,0,0',SCO,0,MAR,0,0,0,pre,heartbeat
1781881380278,760445,0,0',SCO,0,MAR,0,0,0,pre,heartbeat
1781881410192,760445,0,0',SCO,0,MAR,0,0,0,pre,heartbeat
1781881440028,760445,0,0',SCO,0,MAR,0,0,0,pre,heartbeat
1781881441052,760445,0,0',SCO,0,MAR,0,0,0,pre,heartbeat
1781881470940,760445,0,0',SCO,0,MAR,0,0,0,pre,heartbeat
1781881500788,760445,0,0',SCO,0,MAR,0,0,0,pre,heartbeat
1781881530553,760445,0,0',SCO,0,MAR,0,0,0,pre,heartbeat
1781881560353,760445,0,0',SCO,0,MAR,0,0,0,pre,heartbeat
1781881590170,760445,0,0',SCO,0,MAR,0,0,0,pre,heartbeat
1781881620013,760445,0,0',SCO,0,MAR,0,0,0,pre,heartbeat
1781881621040,760445,0,0',SCO,0,MAR,0,0,0,pre,heartbeat
1781881650831,760445,0,0',SCO,0,MAR,0,0,0,pre,heartbeat
1781881680576,760445,0,0',SCO,0,MAR,0,0,0,pre,heartbeat
1781881710328,760445,0,0',SCO,0,MAR,0,0,0,pre,heartbeat
1781881740116,760445,0,0',SCO,0,MAR,0,0,0,pre,heartbeat
1781881771000,760445,0,0',SCO,0,MAR,0,0,0,pre,heartbeat
1781881800756,760445,0,0',SCO,0,MAR,0,0,0,pre,heartbeat
1781881830531,760445,0,0',SCO,0,MAR,0,0,0,pre,heartbeat
1781881860337,760445,0,0',SCO,0,MAR,0,0,0,pre,heartbeat
1781881890237,760445,0,0',SCO,0,MAR,0,0,0,pre,heartbeat
1781881920165,760445,0,0',SCO,0,MAR,0,0,0,pre,heartbeat
1781881950971,760445,0,0',SCO,0,MAR,0,0,0,pre,heartbeat
1781881980757,760445,0,0',SCO,0,MAR,0,0,0,pre,heartbeat
1781882010649,760445,0,0',SCO,0,MAR,0,0,0,pre,heartbeat
1781882040465,760445,0,0',SCO,0,MAR,0,0,0,pre,heartbeat
1781882070229,760445,0,0',SCO,0,MAR,0,0,0,pre,heartbeat
1781882100095,760445,0,0',SCO,0,MAR,0,0,0,pre,heartbeat
1781882130981,760445,0,0',SCO,0,MAR,0,0,0,pre,heartbeat
1781882160955,760445,0,0',SCO,0,MAR,0,0,0,pre,heartbeat
1781882190737,760445,0,0',SCO,0,MAR,0,0,0,pre,heartbeat
1781882220560,760445,0,0',SCO,0,MAR,0,0,0,pre,heartbeat
1781882250293,760445,0,0',SCO,0,MAR,0,0,0,pre,heartbeat
1781882280195,760445,0,0',SCO,0,MAR,0,0,0,pre,heartbeat
1781882310040,760445,0,0',SCO,0,MAR,0,0,0,pre,heartbeat
1781882311062,760445,0,0',SCO,0,MAR,0,0,0,pre,heartbeat
1781882340938,760445,0,0',SCO,0,MAR,0,0,0,pre,heartbeat
1781882370915,760445,0,0',SCO,0,MAR,0,0,0,pre,heartbeat
1781882400733,760445,0,0',SCO,0,MAR,0,0,0,pre,heartbeat
1781882430634,760445,0,0',SCO,0,MAR,0,0,0,pre,heartbeat
1781882460440,760445,0,0',SCO,0,MAR,0,0,0,pre,heartbeat
1781882490217,760445,0,0',SCO,0,MAR,0,0,0,pre,heartbeat
1781882520104,760445,0,0',SCO,0,MAR,0,0,0,pre,heartbeat
1781882550830,760445,0,0',SCO,0,MAR,0,0,0,pre,heartbeat
1781882580635,760445,0,0',SCO,0,MAR,0,0,0,pre,heartbeat
1781882610413,760445,0,0',SCO,0,MAR,0,0,0,pre,heartbeat
1781882640175,760445,0,0',SCO,0,MAR,0,0,0,pre,heartbeat
1781882670933,760445,0,0',SCO,0,MAR,0,0,0,pre,heartbeat
1781882700692,760445,0,0',SCO,0,MAR,0,0,0,pre,heartbeat
1781882730538,760445,0,0',SCO,0,MAR,0,0,0,pre,heartbeat
1781882760272,760445,0,0',SCO,0,MAR,0,0,0,pre,heartbeat
1781882790092,760445,0,0',SCO,0,MAR,0,0,0,pre,heartbeat
1781882820937,760445,0,0',SCO,0,MAR,0,0,0,pre,heartbeat
1781882850732,760445,0,0',SCO,0,MAR,0,0,0,pre,heartbeat
1781882880521,760445,0,0',SCO,0,MAR,0,0,0,pre,heartbeat
1781882910444,760445,0,0',SCO,0,MAR,0,0,0,pre,heartbeat
1781882940173,760445,0,0',SCO,0,MAR,0,0,0,pre,heartbeat
1781882970952,760445,0,0',SCO,0,MAR,0,0,0,pre,heartbeat
1781883000816,760445,0,0',SCO,0,MAR,0,0,0,pre,heartbeat
1781883030597,760445,0,0',SCO,0,MAR,0,0,0,pre,heartbeat
1781883060429,760445,0,0',SCO,0,MAR,0,0,0,pre,heartbeat
1781883090215,760445,0,0',SCO,0,MAR,0,0,0,pre,heartbeat
1781883120921,760445,0,0',SCO,0,MAR,0,0,0,pre,heartbeat
1781883150720,760445,0,0',SCO,0,MAR,0,0,0,pre,heartbeat
1781883180415,760445,0,0',SCO,0,MAR,0,0,0,pre,heartbeat
1781883210133,760445,0,0',SCO,0,MAR,0,0,0,pre,heartbeat
1781883240892,760445,0,0',SCO,0,MAR,0,0,0,pre,heartbeat
1781883270725,760445,0,0',SCO,0,MAR,0,0,0,pre,heartbeat
1781883300488,760445,0,0',SCO,0,MAR,0,0,0,pre,heartbeat
1781883330266,760445,0,0',SCO,0,MAR,0,0,0,pre,heartbeat
1781883360104,760445,0,0',SCO,0,MAR,0,0,0,pre,heartbeat
1781883390032,760445,0,0',SCO,0,MAR,0,0,0,pre,heartbeat
1781883391074,760445,0,0',SCO,0,MAR,0,0,0,pre,heartbeat
1781883420961,760445,0,0',SCO,0,MAR,0,0,0,pre,heartbeat
1781883450760,760445,0,0',SCO,0,MAR,0,0,0,pre,heartbeat
1781883480476,760445,0,0',SCO,0,MAR,0,0,0,pre,heartbeat
1781883510214,760445,0,0',SCO,0,MAR,0,0,0,pre,heartbeat
1781883540020,760445,0,0',SCO,0,MAR,0,0,0,pre,heartbeat
1781883541041,760445,0,0',SCO,0,MAR,0,0,0,pre,heartbeat
1781883570874,760445,0,0',SCO,0,MAR,0,0,0,pre,heartbeat
1781883600647,760445,0,0',SCO,0,MAR,0,0,0,pre,heartbeat
1781883630452,760445,0,0',SCO,0,MAR,0,0,0,pre,heartbeat
1781883660222,760445,0,0',SCO,0,MAR,0,0,0,pre,heartbeat
1781883690045,760445,0,0',SCO,0,MAR,0,0,0,pre,heartbeat
1781883691066,760445,0,0',SCO,0,MAR,0,0,0,pre,heartbeat
1781883720866,760445,0,0',SCO,0,MAR,0,0,0,pre,heartbeat
1781883750662,760445,0,0',SCO,0,MAR,0,0,0,pre,heartbeat
1781883780539,760445,0,0',SCO,0,MAR,0,0,0,pre,heartbeat
1781883810334,760445,0,0',SCO,0,MAR,0,0,0,pre,heartbeat
1781883841031,760445,0,0',SCO,0,MAR,0,0,0,pre,heartbeat
1781883870849,760445,0,0',SCO,0,MAR,0,0,0,pre,heartbeat
1781883900659,760445,0,0',SCO,0,MAR,0,0,0,pre,heartbeat
1781883930364,760445,0,0',SCO,0,MAR,0,0,0,pre,heartbeat
1781883960051,760445,0,0',SCO,0,MAR,0,0,0,pre,heartbeat
1781883961078,760445,0,0',SCO,0,MAR,0,0,0,pre,heartbeat
1781883990885,760445,0,0',SCO,0,MAR,0,0,0,pre,heartbeat
1781884020693,760445,0,0',SCO,0,MAR,0,0,0,pre,heartbeat
1781884050405,760445,0,0',SCO,0,MAR,0,0,0,pre,heartbeat
1781884080138,760445,0,0',SCO,0,MAR,0,0,0,pre,heartbeat
1781884110914,760445,0,0',SCO,0,MAR,0,0,0,pre,heartbeat
1781884140671,760445,0,0',SCO,0,MAR,0,0,0,pre,heartbeat
1781884170433,760445,0,0',SCO,0,MAR,0,0,0,pre,heartbeat
1781884200185,760445,0,0',SCO,0,MAR,0,0,0,pre,heartbeat
1781884231004,760445,0,0',SCO,0,MAR,0,0,0,pre,heartbeat
1781884260765,760445,0,0',SCO,0,MAR,0,0,0,pre,heartbeat
1781884290494,760445,0,0',SCO,0,MAR,0,0,0,pre,heartbeat
1781884320253,760445,0,0',SCO,0,MAR,0,0,0,pre,heartbeat
1781884351011,760445,0,0',SCO,0,MAR,0,0,0,pre,heartbeat
1781884380793,760445,0,0',SCO,0,MAR,0,0,0,pre,heartbeat
1781884410507,760445,0,0',SCO,0,MAR,0,0,0,pre,heartbeat
1781884440218,760445,0,0',SCO,0,MAR,0,0,0,pre,heartbeat
1781884470085,760445,0,0',SCO,0,MAR,0,0,0,pre,heartbeat
1781884500934,760445,0,0',SCO,0,MAR,0,0,0,pre,heartbeat
1781884530736,760445,0,0',SCO,0,MAR,0,0,0,pre,heartbeat
1781884560513,760445,0,0',SCO,0,MAR,0,0,0,pre,heartbeat
1781884590251,760445,0,0',SCO,0,MAR,0,0,0,pre,heartbeat
1781884620129,760445,0,0',SCO,0,MAR,0,0,0,pre,heartbeat
1781884650982,760445,0,0',SCO,0,MAR,0,0,0,pre,heartbeat
1781884680739,760445,0,0',SCO,0,MAR,0,0,0,pre,heartbeat
1781884710503,760445,0,0',SCO,0,MAR,0,0,0,pre,heartbeat
1781884740232,760445,0,0',SCO,0,MAR,0,0,0,pre,heartbeat
1781884770045,760445,0,0',SCO,0,MAR,0,0,0,pre,heartbeat
1781884771076,760445,0,0',SCO,0,MAR,0,0,0,pre,heartbeat
1781884800898,760445,0,0',SCO,0,MAR,0,0,0,pre,heartbeat
1781884830723,760445,0,0',SCO,0,MAR,0,0,0,pre,heartbeat
1781884860504,760445,0,0',SCO,0,MAR,0,0,0,pre,heartbeat
1781884890231,760445,0,0',SCO,0,MAR,0,0,0,pre,heartbeat
1781884920090,760445,0,0',SCO,0,MAR,0,0,0,pre,heartbeat
1781884951004,760445,0,0',SCO,0,MAR,0,0,0,pre,heartbeat
1781884980812,760445,0,0',SCO,0,MAR,0,0,0,pre,heartbeat
1781885010601,760445,0,0',SCO,0,MAR,0,0,0,pre,heartbeat
1781885040382,760445,0,0',SCO,0,MAR,0,0,0,pre,heartbeat
1781885070354,760445,0,0',SCO,0,MAR,0,0,0,pre,heartbeat
1781885100241,760445,0,0',SCO,0,MAR,0,0,0,pre,heartbeat
1781885131001,760445,0,0',SCO,0,MAR,0,0,0,pre,heartbeat
1781885160814,760445,0,0',SCO,0,MAR,0,0,0,pre,heartbeat
1781885190633,760445,0,0',SCO,0,MAR,0,0,0,pre,heartbeat
1781885220398,760445,0,0',SCO,0,MAR,0,0,0,pre,heartbeat
1781885250298,760445,0,0',SCO,0,MAR,0,0,0,pre,heartbeat
1781885280021,760445,0,0',SCO,0,MAR,0,0,0,pre,heartbeat
1781885281045,760445,0,0',SCO,0,MAR,0,0,0,pre,heartbeat
1781885310841,760445,0,0',SCO,0,MAR,0,0,0,pre,heartbeat
1781885340581,760445,0,0',SCO,0,MAR,0,0,0,pre,heartbeat
1781885370385,760445,0,0',SCO,0,MAR,0,0,0,pre,heartbeat
1781885400235,760445,0,0',SCO,0,MAR,0,0,0,pre,heartbeat
1781885430040,760445,0,0',SCO,0,MAR,0,0,0,pre,heartbeat
1781885431063,760445,0,0',SCO,0,MAR,0,0,0,pre,heartbeat
1781885460829,760445,0,0',SCO,0,MAR,0,0,0,pre,heartbeat
1781885490564,760445,0,0',SCO,0,MAR,0,0,0,pre,heartbeat
1781885520386,760445,0,0',SCO,0,MAR,0,0,0,pre,heartbeat
1781885550270,760445,0,0',SCO,0,MAR,0,0,0,pre,heartbeat
1781885580138,760445,0,0',SCO,0,MAR,0,0,0,pre,heartbeat
1781885610947,760445,0,0',SCO,0,MAR,0,0,0,pre,heartbeat
1781885640735,760445,0,0',SCO,0,MAR,0,0,0,pre,heartbeat
1781885670566,760445,0,0',SCO,0,MAR,0,0,0,pre,heartbeat
1781885700361,760445,0,0',SCO,0,MAR,0,0,0,pre,heartbeat
1781885730148,760445,0,0',SCO,0,MAR,0,0,0,pre,heartbeat
1781885760894,760445,0,0',SCO,0,MAR,0,0,0,pre,heartbeat
1781885790681,760445,0,0',SCO,0,MAR,0,0,0,pre,heartbeat
1781885820460,760445,0,0',SCO,0,MAR,0,0,0,pre,heartbeat
1781885850190,760445,0,0',SCO,0,MAR,0,0,0,pre,heartbeat
1781885880939,760445,0,0',SCO,0,MAR,0,0,0,pre,heartbeat
1781885910714,760445,0,0',SCO,0,MAR,0,0,0,pre,heartbeat
1781885940520,760445,0,0',SCO,0,MAR,0,0,0,pre,heartbeat
1781885970388,760445,0,0',SCO,0,MAR,0,0,0,pre,heartbeat
1781886000177,760445,0,0',SCO,0,MAR,0,0,0,pre,heartbeat
1781886031021,760445,0,0',SCO,0,MAR,0,0,0,pre,heartbeat
1781886060770,760445,0,0',SCO,0,MAR,0,0,0,pre,heartbeat
1781886090479,760445,0,0',SCO,0,MAR,0,0,0,pre,heartbeat
1781886120189,760445,0,0',SCO,0,MAR,0,0,0,pre,heartbeat
1781886150059,760445,0,0',SCO,0,MAR,0,0,0,pre,heartbeat
1781886151083,760445,0,0',SCO,0,MAR,0,0,0,pre,heartbeat
1781886180878,760445,0,0',SCO,0,MAR,0,0,0,pre,heartbeat
1781886210709,760445,0,0',SCO,0,MAR,0,0,0,pre,heartbeat
1781886240399,760445,0,0',SCO,0,MAR,0,0,0,pre,heartbeat
1781886270175,760445,0,0',SCO,0,MAR,0,0,0,pre,heartbeat
1781886300037,760445,0,0',SCO,0,MAR,0,0,0,pre,heartbeat
1781886301063,760445,0,0',SCO,0,MAR,0,0,0,pre,heartbeat
1781886330906,760445,0,0',SCO,0,MAR,0,0,0,pre,heartbeat
1781886360734,760445,0,0',SCO,0,MAR,0,0,0,pre,heartbeat
1781886390506,760445,0,0',SCO,0,MAR,0,0,0,pre,heartbeat
1781886420313,760445,0,0',SCO,0,MAR,0,0,0,pre,heartbeat
1781886450225,760445,0,0',SCO,0,MAR,0,0,0,pre,heartbeat
1781886480996,760445,0,0',SCO,0,MAR,0,0,0,pre,heartbeat
1781886510772,760445,0,0',SCO,0,MAR,0,0,0,pre,heartbeat
1781886540544,760445,0,0',SCO,0,MAR,0,0,0,pre,heartbeat
1781886570396,760445,0,0',SCO,0,MAR,0,0,0,pre,heartbeat
1781886600235,760445,0,0',SCO,0,MAR,0,0,0,pre,heartbeat
1781886631032,760445,0,0',SCO,0,MAR,0,0,0,pre,heartbeat
1781886660806,760445,0,0',SCO,0,MAR,0,0,0,pre,heartbeat
1781886690594,760445,0,0',SCO,0,MAR,0,0,0,pre,heartbeat
1781886720393,760445,0,0',SCO,0,MAR,0,0,0,pre,heartbeat
1781886750248,760445,0,0',SCO,0,MAR,0,0,0,pre,heartbeat
1781886780030,760445,0,0',SCO,0,MAR,0,0,0,pre,heartbeat
1781886781055,760445,0,0',SCO,0,MAR,0,0,0,pre,heartbeat
1781886810829,760445,0,0',SCO,0,MAR,0,0,0,pre,heartbeat
1781886840645,760445,0,0',SCO,0,MAR,0,0,0,pre,heartbeat
1781886870453,760445,0,0',SCO,0,MAR,0,0,0,pre,heartbeat
1781886900272,760445,0,0',SCO,0,MAR,0,0,0,pre,heartbeat
1781886930026,760445,0,0',SCO,0,MAR,0,0,0,pre,heartbeat
1781886931049,760445,0,0',SCO,0,MAR,0,0,0,pre,heartbeat
1781886960824,760445,0,0',SCO,0,MAR,0,0,0,pre,heartbeat
1781886990643,760445,0,0',SCO,0,MAR,0,0,0,pre,heartbeat
1781887020515,760445,0,0',SCO,0,MAR,0,0,0,pre,heartbeat
1781887050342,760445,0,0',SCO,0,MAR,0,0,0,pre,heartbeat
1781887080122,760445,0,0',SCO,0,MAR,0,0,0,pre,heartbeat
1781887110993,760445,0,0',SCO,0,MAR,0,0,0,pre,heartbeat
1781887140760,760445,0,0',SCO,0,MAR,0,0,0,pre,heartbeat
1781887170517,760445,0,0',SCO,0,MAR,0,0,0,pre,heartbeat
1781887200233,760445,0,0',SCO,0,MAR,0,0,0,pre,heartbeat
1781887231006,760445,0,0',SCO,0,MAR,0,0,0,pre,heartbeat
1781887260809,760445,0,0',SCO,0,MAR,0,0,0,pre,heartbeat
1781887290664,760445,0,0',SCO,0,MAR,0,0,0,pre,heartbeat
1781887320550,760445,0,0',SCO,0,MAR,0,0,0,pre,heartbeat
1781887350290,760445,0,0',SCO,0,MAR,0,0,0,pre,heartbeat
1781887380108,760445,0,0',SCO,0,MAR,0,0,0,pre,heartbeat
1781887410906,760445,0,0',SCO,0,MAR,0,0,0,pre,heartbeat
1781887440674,760445,0,0',SCO,0,MAR,0,0,0,pre,heartbeat
1781887470474,760445,0,0',SCO,0,MAR,0,0,0,pre,heartbeat
1781887500335,760445,0,0',SCO,0,MAR,0,0,0,pre,heartbeat
1781887530131,760445,0,0',SCO,0,MAR,0,0,0,pre,heartbeat
1781887560920,760445,0,0',SCO,0,MAR,0,0,0,pre,heartbeat
1781887590661,760445,0,0',SCO,0,MAR,0,0,0,pre,heartbeat
1781887620428,760445,0,0',SCO,0,MAR,0,0,0,pre,heartbeat
1781887650168,760445,0,0',SCO,0,MAR,0,0,0,pre,heartbeat
1781887680928,760445,0,0',SCO,0,MAR,0,0,0,pre,heartbeat
1781887710682,760445,0,0',SCO,0,MAR,0,0,0,pre,heartbeat
1781887740438,760445,0,0',SCO,0,MAR,0,0,0,pre,heartbeat
1781887770187,760445,0,0',SCO,0,MAR,0,0,0,pre,heartbeat
1781887800947,760445,0,0',SCO,0,MAR,0,0,0,pre,heartbeat
1781887830759,760445,0,0',SCO,0,MAR,0,0,0,pre,heartbeat
1781887860567,760445,0,0',SCO,0,MAR,0,0,0,pre,heartbeat
1781887890346,760445,0,0',SCO,0,MAR,0,0,0,pre,heartbeat
1781887920126,760445,0,0',SCO,0,MAR,0,0,0,pre,heartbeat
1781887951024,760445,0,0',SCO,0,MAR,0,0,0,pre,heartbeat
1781887980804,760445,0,0',SCO,0,MAR,0,0,0,pre,heartbeat
1781888010539,760445,0,0',SCO,0,MAR,0,0,0,pre,heartbeat
1781888040275,760445,0,0',SCO,0,MAR,0,0,0,pre,heartbeat
1781888070129,760445,0,0',SCO,0,MAR,0,0,0,pre,heartbeat
1781888100973,760445,0,0',SCO,0,MAR,0,0,0,pre,heartbeat
1781888130702,760445,0,0',SCO,0,MAR,0,0,0,pre,heartbeat
1781888160568,760445,0,0',SCO,0,MAR,0,0,0,pre,heartbeat
1781888190376,760445,0,0',SCO,0,MAR,0,0,0,pre,heartbeat
1781888220153,760445,0,0',SCO,0,MAR,0,0,0,pre,heartbeat
1781888250015,760445,0,0',SCO,0,MAR,0,0,0,pre,heartbeat
1781888251049,760445,0,0',SCO,0,MAR,0,0,0,pre,heartbeat
1781888280866,760445,0,0',SCO,0,MAR,0,0,0,pre,heartbeat
1781888310657,760445,0,0',SCO,0,MAR,0,0,0,pre,heartbeat
1781888340457,760445,0,0',SCO,0,MAR,0,0,0,pre,heartbeat
1781888370273,760445,0,0',SCO,0,MAR,0,0,0,pre,heartbeat
1781888400077,760445,0,0',SCO,0,MAR,0,0,0,pre,heartbeat
1781888430028,760445,0,0',SCO,0,MAR,0,0,0,pre,heartbeat
1781888431062,760445,0,0',SCO,0,MAR,0,0,0,pre,heartbeat
1781888460908,760445,0,0',SCO,0,MAR,0,0,0,pre,heartbeat
1781888490832,760445,0,0',SCO,0,MAR,0,0,0,pre,heartbeat
1781888520705,760445,0,0',SCO,0,MAR,0,0,0,pre,heartbeat
1781888550512,760445,0,0',SCO,0,MAR,0,0,0,pre,heartbeat
1781888580461,760445,0,0',SCO,0,MAR,0,0,0,pre,heartbeat
1781888610271,760445,0,0',SCO,0,MAR,0,0,0,pre,heartbeat
1781888640124,760445,0,0',SCO,0,MAR,0,0,0,pre,heartbeat
1781888671028,760445,0,0',SCO,0,MAR,0,0,0,pre,heartbeat
1781888700804,760445,0,0',SCO,0,MAR,0,0,0,pre,heartbeat
1781888730612,760445,0,0',SCO,0,MAR,0,0,0,pre,heartbeat
1781888760419,760445,0,0',SCO,0,MAR,0,0,0,pre,heartbeat
1781888790162,760445,0,0',SCO,0,MAR,0,0,0,pre,heartbeat
1781888821027,760445,0,0',SCO,0,MAR,0,0,0,pre,heartbeat
1781888850918,760445,0,0',SCO,0,MAR,0,0,0,pre,heartbeat
1781888880769,760445,0,0',SCO,0,MAR,0,0,0,pre,heartbeat
1781888910645,760445,0,0',SCO,0,MAR,0,0,0,pre,heartbeat
1781888940472,760445,0,0',SCO,0,MAR,0,0,0,pre,heartbeat
1781888970236,760445,0,0',SCO,0,MAR,0,0,0,pre,heartbeat
1781889000055,760445,0,0',SCO,0,MAR,0,0,0,pre,heartbeat
1781889001077,760445,0,0',SCO,0,MAR,0,0,0,pre,heartbeat
1781889030886,760445,0,0',SCO,0,MAR,0,0,0,pre,heartbeat
1781889060746,760445,0,0',SCO,0,MAR,0,0,0,pre,heartbeat
1781889090561,760445,0,0',SCO,0,MAR,0,0,0,pre,heartbeat
1781889120417,760445,0,0',SCO,0,MAR,0,0,0,pre,heartbeat
1781889150154,760445,0,0',SCO,0,MAR,0,0,0,pre,heartbeat
1781889181013,760445,0,0',SCO,0,MAR,0,0,0,pre,heartbeat
1781889210868,760445,0,0',SCO,0,MAR,0,0,0,pre,heartbeat
1781889240709,760445,0,0',SCO,0,MAR,0,0,0,pre,heartbeat
1781889270465,760445,0,0',SCO,0,MAR,0,0,0,pre,heartbeat
1781889300223,760445,0,0',SCO,0,MAR,0,0,0,pre,heartbeat
1781889330124,760445,0,0',SCO,0,MAR,0,0,0,pre,heartbeat
1781889360879,760445,0,0',SCO,0,MAR,0,0,0,pre,heartbeat
1781889390724,760445,0,0',SCO,0,MAR,0,0,0,pre,heartbeat
1781889420578,760445,0,0',SCO,0,MAR,0,0,0,pre,heartbeat
1781889450346,760445,0,0',SCO,0,MAR,0,0,0,pre,heartbeat
1781889480193,760445,0,0',SCO,0,MAR,0,0,0,pre,heartbeat
1781889510021,760445,0,0',SCO,0,MAR,0,0,0,pre,heartbeat
1781889511045,760445,0,0',SCO,0,MAR,0,0,0,pre,heartbeat
1781889540874,760445,0,0',SCO,0,MAR,0,0,0,pre,heartbeat
1781889570672,760445,0,0',SCO,0,MAR,0,0,0,pre,heartbeat
1781889600541,760445,0,0',SCO,0,MAR,0,0,0,pre,heartbeat
1781889630396,760445,0,0',SCO,0,MAR,0,0,0,pre,heartbeat
1781889660170,760445,0,0',SCO,0,MAR,0,0,0,pre,heartbeat
1781889691010,760445,0,0',SCO,0,MAR,0,0,0,pre,heartbeat
1781889720849,760445,0,0',SCO,0,MAR,0,0,0,pre,heartbeat
1781889750744,760445,0,0',SCO,0,MAR,0,0,0,pre,heartbeat
1781889780514,760445,0,0',SCO,0,MAR,0,0,0,pre,heartbeat
1781889810311,760445,0,0',SCO,0,MAR,0,0,0,pre,heartbeat
1781889840108,760445,0,0',SCO,0,MAR,0,0,0,pre,heartbeat
1781889870893,760445,0,0',SCO,0,MAR,0,0,0,pre,heartbeat
1781889900574,760445,0,0',SCO,0,MAR,0,0,0,pre,heartbeat
1781889930350,760445,0,0',SCO,0,MAR,0,0,0,pre,heartbeat
1781889960096,760445,0,0',SCO,0,MAR,0,0,0,pre,heartbeat
1781889990834,760445,0,0',SCO,0,MAR,0,0,0,pre,heartbeat
1781890020579,760445,0,0',SCO,0,MAR,0,0,0,pre,heartbeat
1781890050349,760445,0,0',SCO,0,MAR,0,0,0,pre,heartbeat
1781890080182,760445,0,0',SCO,0,MAR,0,0,0,pre,heartbeat
1781890110999,760445,0,0',SCO,0,MAR,0,0,0,pre,heartbeat
1781890140771,760445,0,0',SCO,0,MAR,0,0,0,pre,heartbeat
1781890170511,760445,0,0',SCO,0,MAR,0,0,0,pre,heartbeat
1781890200354,760445,0,0',SCO,0,MAR,0,0,0,pre,heartbeat
1781890230308,760445,0,0',SCO,0,MAR,0,0,0,pre,heartbeat
1781890260149,760445,0,0',SCO,0,MAR,0,0,0,pre,heartbeat
1781890291010,760445,0,0',SCO,0,MAR,0,0,0,pre,heartbeat
1781890320861,760445,0,0',SCO,0,MAR,0,0,0,pre,heartbeat
1781890350604,760445,0,0',SCO,0,MAR,0,0,0,pre,heartbeat
1781890380352,760445,0,0',SCO,0,MAR,0,0,0,pre,heartbeat
1781890410158,760445,0,0',SCO,0,MAR,0,0,0,pre,heartbeat
1781890440941,760445,0,0',SCO,0,MAR,0,0,0,pre,heartbeat
1781890470674,760445,0,0',SCO,0,MAR,0,0,0,pre,heartbeat
1781890500412,760445,0,0',SCO,0,MAR,0,0,0,pre,heartbeat
1781890530114,760445,0,0',SCO,0,MAR,0,0,0,pre,heartbeat
1781890560929,760445,0,0',SCO,0,MAR,0,0,0,pre,heartbeat
1781890590775,760445,0,0',SCO,0,MAR,0,0,0,pre,heartbeat
1781890620466,760445,0,0',SCO,0,MAR,0,0,0,pre,heartbeat
1781890650232,760445,0,0',SCO,0,MAR,0,0,0,pre,heartbeat
1781890681007,760445,0,0',SCO,0,MAR,0,0,0,pre,heartbeat
1781890710761,760445,0,0',SCO,0,MAR,0,0,0,pre,heartbeat
1781890740479,760445,0,0',SCO,0,MAR,0,0,0,pre,heartbeat
1781890770234,760445,0,0',SCO,0,MAR,0,0,0,pre,heartbeat
1781890801035,760445,0,0',SCO,0,MAR,0,0,0,pre,heartbeat
1781890830859,760445,0,0',SCO,0,MAR,0,0,0,pre,heartbeat
1781890860748,760445,0,0',SCO,0,MAR,0,0,0,pre,heartbeat
1781890890560,760445,0,0',SCO,0,MAR,0,0,0,pre,heartbeat
1781890920322,760445,0,0',SCO,0,MAR,0,0,0,pre,heartbeat
1781890950093,760445,0,0',SCO,0,MAR,0,0,0,pre,heartbeat
1781890980886,760445,0,0',SCO,0,MAR,0,0,0,pre,heartbeat
1781891010693,760445,0,0',SCO,0,MAR,0,0,0,pre,heartbeat
1781891040403,760445,0,0',SCO,0,MAR,0,0,0,pre,heartbeat
1781891070227,760445,0,0',SCO,0,MAR,0,0,0,pre,heartbeat
1781891100960,760445,0,0',SCO,0,MAR,0,0,0,pre,heartbeat
1781891130691,760445,0,0',SCO,0,MAR,0,0,0,pre,heartbeat
1781891160515,760445,0,0',SCO,0,MAR,0,0,0,pre,heartbeat
1781891190260,760445,0,0',SCO,0,MAR,0,0,0,pre,heartbeat
1781891220067,760445,0,0',SCO,0,MAR,0,0,0,pre,heartbeat
1781891221097,760445,0,0',SCO,0,MAR,0,0,0,pre,heartbeat
1781891250946,760445,0,0',SCO,0,MAR,0,0,0,pre,heartbeat
1781891280801,760445,0,0',SCO,0,MAR,0,0,0,pre,heartbeat
1781891310637,760445,0,0',SCO,0,MAR,0,0,0,pre,heartbeat
1781891340431,760445,0,0',SCO,0,MAR,0,0,0,pre,heartbeat
1781891370190,760445,0,0',SCO,0,MAR,0,0,0,pre,heartbeat
1781891400977,760445,0,0',SCO,0,MAR,0,0,0,pre,heartbeat
1781891430859,760445,0,0',SCO,0,MAR,0,0,0,pre,heartbeat
1781891460684,760445,0,0',SCO,0,MAR,0,0,0,pre,heartbeat
1781891490473,760445,0,0',SCO,0,MAR,0,0,0,pre,heartbeat
1781891520262,760445,0,0',SCO,0,MAR,0,0,0,pre,heartbeat
1781891551017,760445,0,0',SCO,0,MAR,0,0,0,pre,heartbeat
1781891580845,760445,0,0',SCO,0,MAR,0,0,0,pre,heartbeat
1781891610526,760445,0,0',SCO,0,MAR,0,0,0,pre,heartbeat
1781891640308,760445,0,0',SCO,0,MAR,0,0,0,pre,heartbeat
1781891670074,760445,0,0',SCO,0,MAR,0,0,0,pre,heartbeat
1781891700840,760445,0,0',SCO,0,MAR,0,0,0,pre,heartbeat
1781891730677,760445,0,0',SCO,0,MAR,0,0,0,pre,heartbeat
1781891760444,760445,0,0',SCO,0,MAR,0,0,0,pre,heartbeat
1781891790275,760445,0,0',SCO,0,MAR,0,0,0,pre,heartbeat
1781891820069,760445,0,0',SCO,0,MAR,0,0,0,pre,heartbeat
1781891821092,760445,0,0',SCO,0,MAR,0,0,0,pre,heartbeat
1781891850941,760445,0,0',SCO,0,MAR,0,0,0,pre,heartbeat
1781891880734,760445,0,0',SCO,0,MAR,0,0,0,pre,heartbeat
1781891910502,760445,0,0',SCO,0,MAR,0,0,0,pre,heartbeat
1781891940346,760445,0,0',SCO,0,MAR,0,0,0,pre,heartbeat
1781891970220,760445,0,0',SCO,0,MAR,0,0,0,pre,heartbeat
1781892000001,760445,0,0',SCO,0,MAR,0,0,0,pre,heartbeat
1781892001062,760445,0,0',SCO,0,MAR,0,0,0,pre,heartbeat
1781892030826,760445,0,0',SCO,0,MAR,0,0,0,pre,heartbeat
1781892060599,760445,0,0',SCO,0,MAR,0,0,0,pre,heartbeat
1781892090359,760445,0,0',SCO,0,MAR,0,0,0,pre,heartbeat
1781892120126,760445,0,0',SCO,0,MAR,0,0,0,pre,heartbeat
1781892150876,760445,0,0',SCO,0,MAR,0,0,0,pre,heartbeat
1781892180629,760445,0,0',SCO,0,MAR,0,0,0,pre,heartbeat
1781892210442,760445,0,0',SCO,0,MAR,0,0,0,pre,heartbeat
1781892240195,760445,0,0',SCO,0,MAR,0,0,0,pre,heartbeat
1781892271011,760445,0,0',SCO,0,MAR,0,0,0,pre,heartbeat
1781892300724,760445,0,0',SCO,0,MAR,0,0,0,pre,heartbeat
1781892330499,760445,0,0',SCO,0,MAR,0,0,0,pre,heartbeat
1781892360351,760445,0,0',SCO,0,MAR,0,0,0,pre,heartbeat
1781892390140,760445,0,0',SCO,0,MAR,0,0,0,pre,heartbeat
1781892420970,760445,0,0',SCO,0,MAR,0,0,0,pre,heartbeat
1781892450794,760445,0,0',SCO,0,MAR,0,0,0,pre,heartbeat
1781892480561,760445,0,0',SCO,0,MAR,0,0,0,pre,heartbeat
1781892510373,760445,0,0',SCO,0,MAR,0,0,0,pre,heartbeat
1781892540188,760445,0,0',SCO,0,MAR,0,0,0,pre,heartbeat
1781892570036,760445,0,0',SCO,0,MAR,0,0,0,pre,heartbeat
1781892571082,760445,0,0',SCO,0,MAR,0,0,0,pre,heartbeat
1781892600948,760445,0,0',SCO,0,MAR,0,0,0,pre,heartbeat
1781892630812,760445,0,0',SCO,0,MAR,0,0,0,pre,heartbeat
1781892660669,760445,0,0',SCO,0,MAR,0,0,0,pre,heartbeat
1781892690387,760445,0,0',SCO,0,MAR,0,0,0,pre,heartbeat
1781892720178,760445,0,0',SCO,0,MAR,0,0,0,pre,heartbeat
1781892751014,760445,0,0',SCO,0,MAR,0,0,0,pre,heartbeat
1781892780781,760445,0,0',SCO,0,MAR,0,0,0,pre,heartbeat
1781892810574,760445,0,0',SCO,0,MAR,0,0,0,pre,heartbeat
1781892840325,760445,0,0',SCO,0,MAR,0,0,0,pre,heartbeat
1781892870029,760445,0,0',SCO,0,MAR,0,0,0,pre,heartbeat
1781892871080,760445,0,0',SCO,0,MAR,0,0,0,pre,heartbeat
1781892901008,760445,0,0',SCO,0,MAR,0,0,0,pre,heartbeat
1781892930744,760445,0,0',SCO,0,MAR,0,0,0,pre,heartbeat
1781892960553,760445,0,0',SCO,0,MAR,0,0,0,pre,heartbeat
1781892990475,760445,0,0',SCO,0,MAR,0,0,0,pre,heartbeat
1781893020290,760445,0,0',SCO,0,MAR,0,0,0,pre,heartbeat
1781893050025,760445,0,0',SCO,0,MAR,0,0,0,pre,heartbeat
1781893051047,760445,0,0',SCO,0,MAR,0,0,0,pre,heartbeat
1781893080855,760445,0,0',SCO,0,MAR,0,0,0,pre,heartbeat
1781893110679,760445,0,0',SCO,0,MAR,0,0,0,pre,heartbeat
1781893140498,760445,0,0',SCO,0,MAR,0,0,0,pre,heartbeat
1781893170257,760445,0,0',SCO,0,MAR,0,0,0,pre,heartbeat
1781893200103,760445,0,0',SCO,0,MAR,0,0,0,pre,heartbeat
1781893230909,760445,0,0',SCO,0,MAR,0,0,0,pre,heartbeat
1781893260667,760445,0,0',SCO,0,MAR,0,0,0,pre,heartbeat
1781893290421,760445,0,0',SCO,0,MAR,0,0,0,pre,heartbeat
1781893320167,760445,0,0',SCO,0,MAR,0,0,0,pre,heartbeat
1781893350963,760445,0,0',SCO,0,MAR,0,0,0,pre,heartbeat
1781893380772,760445,0,0',SCO,0,MAR,0,0,0,pre,heartbeat
1781893410543,760445,0,0',SCO,0,MAR,0,0,0,pre,heartbeat
1781893440279,760445,0,0',SCO,0,MAR,0,0,0,pre,heartbeat
1781893470128,760445,0,0',SCO,0,MAR,0,0,0,pre,heartbeat
1781893500939,760445,0,0',SCO,0,MAR,0,0,0,pre,heartbeat
1781893530724,760445,0,0',SCO,0,MAR,0,0,0,pre,heartbeat
1781893560563,760445,0,0',SCO,0,MAR,0,0,0,pre,heartbeat
1781893590353,760445,0,0',SCO,0,MAR,0,0,0,pre,heartbeat
1781893620125,760445,0,0',SCO,0,MAR,0,0,0,pre,heartbeat
1781893650931,760445,0,0',SCO,0,MAR,0,0,0,pre,heartbeat
1781893680666,760445,0,0',SCO,0,MAR,0,0,0,pre,heartbeat
1781893710408,760445,0,0',SCO,0,MAR,0,0,0,pre,heartbeat
1781893740159,760445,0,0',SCO,0,MAR,0,0,0,pre,heartbeat
1781893770933,760445,0,0',SCO,0,MAR,0,0,0,pre,heartbeat
1781893800698,760445,0,0',SCO,0,MAR,0,0,0,pre,heartbeat
1781893830533,760445,0,0',SCO,0,MAR,0,0,0,pre,heartbeat
1781893860398,760445,0,0',SCO,0,MAR,0,0,0,pre,heartbeat
1781893890127,760445,0,0',SCO,0,MAR,0,0,0,pre,heartbeat
1781893921011,760445,0,0',SCO,0,MAR,0,0,0,pre,heartbeat
1781893950763,760445,0,0',SCO,0,MAR,0,0,0,pre,heartbeat
1781893980556,760445,0,0',SCO,0,MAR,0,0,0,pre,heartbeat
1781894010336,760445,0,0',SCO,0,MAR,0,0,0,pre,heartbeat
1781894040156,760445,0,0',SCO,0,MAR,0,0,0,pre,heartbeat
1781894070985,760445,0,0',SCO,0,MAR,0,0,0,pre,heartbeat
1781894100797,760445,0,0',SCO,0,MAR,0,0,0,pre,heartbeat
1781894130583,760445,0,0',SCO,0,MAR,0,0,0,pre,heartbeat
1781894160336,760445,0,0',SCO,0,MAR,0,0,0,pre,heartbeat
1781894190069,760445,0,0',SCO,0,MAR,0,0,0,pre,heartbeat
1781894191097,760445,0,0',SCO,0,MAR,0,0,0,pre,heartbeat
1781894220872,760445,0,0',SCO,0,MAR,0,0,0,pre,heartbeat
1781894250721,760445,0,0',SCO,0,MAR,0,0,0,pre,heartbeat
1781894280517,760445,0,0',SCO,0,MAR,0,0,0,pre,heartbeat
1781894310260,760445,0,0',SCO,0,MAR,0,0,0,pre,heartbeat
1781894340020,760445,0,0',SCO,0,MAR,0,0,0,pre,heartbeat
1781894341044,760445,0,0',SCO,0,MAR,0,0,0,pre,heartbeat
1781894370874,760445,0,0',SCO,0,MAR,0,0,0,pre,heartbeat
1781894400611,760445,0,0',SCO,0,MAR,0,0,0,pre,heartbeat
1781894430447,760445,0,0',SCO,0,MAR,0,0,0,pre,heartbeat
1781894460225,760445,0,0',SCO,0,MAR,0,0,0,pre,heartbeat
1781894490028,760445,0,0',SCO,0,MAR,0,0,0,pre,heartbeat
1781894491052,760445,0,0',SCO,0,MAR,0,0,0,pre,heartbeat
1781894520858,760445,0,0',SCO,0,MAR,0,0,0,pre,heartbeat
1781894550587,760445,0,0',SCO,0,MAR,0,0,0,pre,heartbeat
1781894580383,760445,0,0',SCO,0,MAR,0,0,0,pre,heartbeat
1781894610154,760445,0,0',SCO,0,MAR,0,0,0,pre,heartbeat
1781894640913,760445,0,0',SCO,0,MAR,0,0,0,pre,heartbeat
1781894670883,760445,0,0',SCO,0,MAR,0,0,0,pre,heartbeat
1781894700687,760445,0,0',SCO,0,MAR,0,0,0,pre,heartbeat
1781894730544,760445,0,0',SCO,0,MAR,0,0,0,pre,heartbeat
1781894760361,760445,0,0',SCO,0,MAR,0,0,0,pre,heartbeat
1781894790225,760445,0,0',SCO,0,MAR,0,0,0,pre,heartbeat
1781894820092,760445,0,0',SCO,0,MAR,0,0,0,pre,heartbeat
1781894850891,760445,0,0',SCO,0,MAR,0,0,0,pre,heartbeat
1781894880625,760445,0,0',SCO,0,MAR,0,0,0,pre,heartbeat
1781894910375,760445,0,0',SCO,0,MAR,0,0,0,pre,heartbeat
1781894940242,760445,0,0',SCO,0,MAR,0,0,0,pre,heartbeat
1781894971000,760445,0,0',SCO,0,MAR,0,0,0,pre,heartbeat
1781895000792,760445,0,0',SCO,0,MAR,0,0,0,pre,heartbeat
1781895030578,760445,0,0',SCO,0,MAR,0,0,0,pre,heartbeat
1781895060405,760445,0,0',SCO,0,MAR,0,0,0,pre,heartbeat
1781895090224,760445,0,0',SCO,0,MAR,0,0,0,pre,heartbeat
1781895121003,760445,0,0',SCO,0,MAR,0,0,0,pre,heartbeat
1781895150814,760445,0,0',SCO,0,MAR,0,0,0,pre,heartbeat
1781895180631,760445,0,0',SCO,0,MAR,0,0,0,pre,heartbeat
1781895210386,760445,0,0',SCO,0,MAR,0,0,0,pre,heartbeat
1781895240211,760445,0,0',SCO,0,MAR,0,0,0,pre,heartbeat
1781895271019,760445,0,0',SCO,0,MAR,0,0,0,pre,heartbeat
1781895300821,760445,0,0',SCO,0,MAR,0,0,0,pre,heartbeat
1781895330690,760445,0,0',SCO,0,MAR,0,0,0,pre,heartbeat
1781895360521,760445,0,0',SCO,0,MAR,0,0,0,pre,heartbeat
1781895390403,760445,0,0',SCO,0,MAR,0,0,0,pre,heartbeat
1781895420124,760445,0,0',SCO,0,MAR,0,0,0,pre,heartbeat
1781895450923,760445,0,0',SCO,0,MAR,0,0,0,pre,heartbeat
1781895480761,760445,0,0',SCO,0,MAR,0,0,0,pre,heartbeat
1781895510603,760445,0,0',SCO,0,MAR,0,0,0,pre,heartbeat
1781895540698,760445,0,0',SCO,0,MAR,0,0,0,pre,heartbeat
1781895570537,760445,0,0',SCO,0,MAR,0,0,0,pre,heartbeat
1781895600315,760445,0,0',SCO,0,MAR,0,0,0,pre,heartbeat
1781895630157,760445,0,0',SCO,0,MAR,0,0,0,pre,heartbeat
1781895660907,760445,0,0',SCO,0,MAR,0,0,0,pre,heartbeat
1781895690669,760445,0,0',SCO,0,MAR,0,0,0,pre,heartbeat
1781895720477,760445,0,0',SCO,0,MAR,0,0,0,pre,heartbeat
1781895750298,760445,0,0',SCO,0,MAR,0,0,0,pre,heartbeat
1781895780126,760445,0,0',SCO,0,MAR,0,0,0,pre,heartbeat
1781895810020,760445,0,0',SCO,0,MAR,0,0,0,pre,heartbeat
1781895811044,760445,0,0',SCO,0,MAR,0,0,0,pre,heartbeat
1781895840829,760445,0,0',SCO,0,MAR,0,0,0,pre,heartbeat
1781895870582,760445,0,0',SCO,0,MAR,0,0,0,pre,heartbeat
1781895900383,760445,0,0',SCO,0,MAR,0,0,0,pre,heartbeat
1781895930182,760445,0,0',SCO,0,MAR,0,0,0,pre,heartbeat
1781895960962,760445,0,0',SCO,0,MAR,0,0,0,pre,heartbeat
1781895990784,760445,0,0',SCO,0,MAR,0,0,0,pre,heartbeat
1781896020663,760445,0,0',SCO,0,MAR,0,0,0,pre,heartbeat
1781896050538,760445,0,0',SCO,0,MAR,0,0,0,pre,heartbeat
1781896080455,760445,0,0',SCO,0,MAR,0,0,0,pre,heartbeat
1781896110281,760445,0,0',SCO,0,MAR,0,0,0,pre,heartbeat
1781896140210,760445,0,0',SCO,0,MAR,0,0,0,pre,heartbeat
1781896170980,760445,0,0',SCO,0,MAR,0,0,0,pre,heartbeat
1781896200893,760445,0,0',SCO,0,MAR,0,0,0,pre,heartbeat
1781896230737,760445,0,0',SCO,0,MAR,0,0,0,pre,heartbeat
1781896260581,760445,0,0',SCO,0,MAR,0,0,0,pre,heartbeat
1781896290404,760445,0,0',SCO,0,MAR,0,0,0,pre,heartbeat
1781896320252,760445,0,0',SCO,0,MAR,0,0,0,pre,heartbeat
1781896350149,760445,0,0',SCO,0,MAR,0,0,0,pre,heartbeat
1781896380990,760445,0,0',SCO,0,MAR,0,0,0,pre,heartbeat
1781896410862,760445,0,0',SCO,0,MAR,0,0,0,pre,heartbeat
1781896440697,760445,0,0',SCO,0,MAR,0,0,0,pre,heartbeat
1781896470652,760445,0,0',SCO,0,MAR,0,0,0,pre,heartbeat
1781896500464,760445,0,0',SCO,0,MAR,0,0,0,pre,heartbeat
1781896530352,760445,0,0',SCO,0,MAR,0,0,0,pre,heartbeat
1781896560213,760445,0,0',SCO,0,MAR,0,0,0,pre,heartbeat
1781896590055,760445,0,0',SCO,0,MAR,0,0,0,pre,heartbeat
1781896620987,760445,0,0',SCO,0,MAR,0,0,0,pre,heartbeat
1781896650867,760445,0,0',SCO,0,MAR,0,0,0,pre,heartbeat
1781896680680,760445,0,0',SCO,0,MAR,0,0,0,pre,heartbeat
1781896710495,760445,0,0',SCO,0,MAR,0,0,0,pre,heartbeat
1781896740412,760445,0,0',SCO,0,MAR,0,0,0,pre,heartbeat
1781896770377,760445,0,0',SCO,0,MAR,0,0,0,pre,heartbeat
1781896800270,760445,0,0',SCO,0,MAR,0,0,0,pre,heartbeat
1781896830276,760445,0,0',SCO,0,MAR,0,0,0,pre,heartbeat
1781896860171,760445,0,0',SCO,0,MAR,0,0,0,pre,heartbeat
1781896890130,760445,0,0',SCO,0,MAR,0,0,0,pre,heartbeat
1781896920079,760445,0,0',SCO,0,MAR,0,0,0,pre,heartbeat
1781896950944,760445,0,0',SCO,0,MAR,0,0,0,pre,heartbeat
1781896980830,760445,0,0',SCO,0,MAR,0,0,0,pre,heartbeat
1781897010627,760445,0,0',SCO,0,MAR,0,0,0,pre,heartbeat
1781897040491,760445,0,0',SCO,0,MAR,0,0,0,pre,heartbeat
1781897070395,760445,0,0',SCO,0,MAR,0,0,0,pre,heartbeat
1781897100185,760445,0,0',SCO,0,MAR,0,0,0,pre,heartbeat
1781897131002,760445,0,0',SCO,0,MAR,0,0,0,pre,heartbeat
1781897160786,760445,0,0',SCO,0,MAR,0,0,0,pre,heartbeat
1781897190672,760445,0,0',SCO,0,MAR,0,0,0,pre,heartbeat
1781897220558,760445,0,0',SCO,0,MAR,0,0,0,pre,heartbeat
1781897250541,760445,0,0',SCO,0,MAR,0,0,0,pre,heartbeat
1781897280495,760445,0,0',SCO,0,MAR,0,0,0,pre,heartbeat
1781897310351,760445,0,0',SCO,0,MAR,0,0,0,pre,heartbeat
1781897340259,760445,0,0',SCO,0,MAR,0,0,0,pre,heartbeat
1781897370068,760445,0,0',SCO,0,MAR,0,0,0,pre,heartbeat
1781897400892,760445,0,0',SCO,0,MAR,0,0,0,pre,heartbeat
1781897430805,760445,0,0',SCO,0,MAR,0,0,0,pre,heartbeat
1781897460627,760445,0,0',SCO,0,MAR,0,0,0,pre,heartbeat
1781897490546,760445,0,0',SCO,0,MAR,0,0,0,pre,heartbeat
1781897520415,760445,0,0',SCO,0,MAR,0,0,0,pre,heartbeat
1781897550291,760445,0,0',SCO,0,MAR,0,0,0,pre,heartbeat
1781897580260,760445,0,0',SCO,0,MAR,0,0,0,pre,heartbeat
1781897610173,760445,0,0',SCO,0,MAR,0,0,0,pre,heartbeat
1781897640021,760445,0,0',SCO,0,MAR,0,0,0,pre,heartbeat
1781897641052,760445,0,0',SCO,0,MAR,0,0,0,pre,heartbeat
1781897670918,760445,0,0',SCO,0,MAR,0,0,0,pre,heartbeat
1781897700972,760445,0,0',SCO,0,MAR,0,0,0,pre,heartbeat
1781897730885,760445,0,0',SCO,0,MAR,0,0,0,pre,heartbeat
1781897760736,760445,0,0',SCO,0,MAR,0,0,0,pre,heartbeat
1781897790660,760445,0,0',SCO,0,MAR,0,0,0,pre,heartbeat
1781897820595,760445,0,0',SCO,0,MAR,0,0,0,pre,heartbeat
1781897850563,760445,0,0',SCO,0,MAR,0,0,0,pre,heartbeat
1781897880717,760445,0,0',SCO,0,MAR,0,0,0,pre,heartbeat
1781897910629,760445,0,0',SCO,0,MAR,0,0,0,pre,heartbeat
1781897940654,760445,0,0',SCO,0,MAR,0,0,0,pre,heartbeat
1781897970479,760445,0,0',SCO,0,MAR,0,0,0,pre,heartbeat
1781898000372,760445,0,0',SCO,0,MAR,0,0,0,pre,heartbeat
1781898030365,760445,0,0',SCO,0,MAR,0,0,0,pre,heartbeat
1781898060320,760445,0,0',SCO,0,MAR,0,0,0,pre,heartbeat
1781898090402,760445,0,0',SCO,0,MAR,0,0,0,pre,heartbeat
1781898120465,760445,0,0',SCO,0,MAR,0,0,0,pre,heartbeat
1781898150366,760445,0,0',SCO,0,MAR,0,0,0,pre,heartbeat
1781898180461,760445,0,0',SCO,0,MAR,0,0,0,pre,heartbeat
1781898210265,760445,0,0',SCO,0,MAR,0,0,0,pre,heartbeat
1781898240176,760445,0,0',SCO,0,MAR,0,0,0,pre,heartbeat
1781898270015,760445,0,0',SCO,0,MAR,0,0,0,pre,heartbeat
1781898271055,760445,0,0',SCO,0,MAR,0,0,0,pre,heartbeat
1781898300920,760445,0,0',SCO,0,MAR,0,0,0,pre,heartbeat
1781898331024,760445,0,0',SCO,0,MAR,0,0,0,pre,heartbeat
1781898360963,760445,0,0',SCO,0,MAR,0,0,0,pre,heartbeat
1781898390036,760445,0,0',SCO,0,MAR,0,0,0,pre,heartbeat
1781898391070,760445,0,0',SCO,0,MAR,0,0,0,pre,heartbeat
1781898421010,760445,0,0',SCO,0,MAR,0,0,0,pre,heartbeat
1781898450039,760445,0,0',SCO,0,MAR,0,0,0,pre,heartbeat
1781898451065,760445,0,0',SCO,0,MAR,0,0,0,pre,heartbeat
1781898480989,760445,0,0',SCO,0,MAR,0,0,0,pre,heartbeat
1781898510872,760445,0,0',SCO,0,MAR,0,0,0,pre,heartbeat
1781898540776,760445,0,0',SCO,0,MAR,0,0,0,pre,heartbeat
1781898570737,760445,0,0',SCO,0,MAR,0,0,0,pre,heartbeat
1781898600662,760445,0,0',SCO,0,MAR,0,0,0,pre,heartbeat
1781898630761,760445,0,0',SCO,0,MAR,0,0,0,pre,heartbeat
1781898660883,760445,0,0',SCO,0,MAR,0,0,0,pre,heartbeat
1781898690807,760445,0,0',SCO,0,MAR,0,0,0,pre,heartbeat
1781898720663,760445,0,0',SCO,0,MAR,0,0,0,pre,heartbeat
1781898750575,760445,0,0',SCO,0,MAR,0,0,0,pre,heartbeat
1781898780595,760445,0,0',SCO,0,MAR,0,0,0,pre,heartbeat
1781898810505,760445,0,0',SCO,0,MAR,0,0,0,pre,heartbeat
1781898840471,760445,0,0',SCO,0,MAR,0,0,0,pre,heartbeat
1781898870677,760445,0,0',SCO,0,MAR,0,0,0,pre,heartbeat
1781898900610,760445,0,0',SCO,0,MAR,0,0,0,pre,heartbeat
1781898930895,760445,0,0',SCO,0,MAR,0,0,0,pre,heartbeat
1781898960800,760445,0,0',SCO,0,MAR,0,0,0,pre,heartbeat
1781898990855,760445,0,0',SCO,0,MAR,0,0,0,pre,heartbeat
1781899020214,760445,0,0',SCO,0,MAR,0,0,0,pre,heartbeat
1781899050177,760445,0,0',SCO,0,MAR,0,0,0,pre,heartbeat
1781899080109,760445,0,0',SCO,0,MAR,0,0,0,pre,heartbeat
1781899110083,760445,0,0',SCO,0,MAR,0,0,0,pre,heartbeat
1781899140983,760445,0,0',SCO,0,MAR,0,0,0,pre,heartbeat
1781899170861,760445,0,0',SCO,0,MAR,0,0,0,pre,heartbeat
1781899200743,760445,0,0',SCO,0,MAR,0,0,0,pre,heartbeat
1781899230814,760445,0,0',SCO,0,MAR,0,0,0,pre,heartbeat
1781899260752,760445,0,0',SCO,0,MAR,0,0,0,pre,heartbeat
1781899290718,760445,0,0',SCO,0,MAR,0,0,0,pre,heartbeat
1781899320845,760445,0,0',SCO,0,MAR,0,0,0,pre,heartbeat
1781899350766,760445,0,0',SCO,0,MAR,0,0,0,pre,heartbeat
1781899380747,760445,0,0',SCO,0,MAR,0,0,0,pre,heartbeat
1781899410784,760445,0,0',SCO,0,MAR,0,0,0,pre,heartbeat
1781899440757,760445,0,0',SCO,0,MAR,0,0,0,pre,heartbeat
1781899470920,760445,0,0',SCO,0,MAR,0,0,0,pre,heartbeat
1781899500031,760445,0,0',SCO,0,MAR,0,0,0,pre,heartbeat
1781899501089,760445,0,0',SCO,0,MAR,0,0,0,pre,heartbeat
1781899530112,760445,0,0',SCO,0,MAR,0,0,0,pre,heartbeat
1781899560274,760445,0,0',SCO,0,MAR,0,0,0,pre,heartbeat
1781899590312,760445,0,0',SCO,0,MAR,0,0,0,pre,heartbeat
1781899620333,760445,0,0',SCO,0,MAR,0,0,0,pre,heartbeat
1781899650244,760445,0,0',SCO,0,MAR,0,0,0,pre,heartbeat
1781899680201,760445,0,0',SCO,0,MAR,0,0,0,pre,heartbeat
1781899710164,760445,0,0',SCO,0,MAR,0,0,0,pre,heartbeat
1781899740231,760445,0,0',SCO,0,MAR,0,0,0,pre,heartbeat
1781899770214,760445,0,0',SCO,0,MAR,0,0,0,pre,heartbeat
1781899800147,760445,0,0',SCO,0,MAR,0,0,0,pre,heartbeat
1781899830076,760445,0,0',SCO,0,MAR,0,0,0,pre,heartbeat
1781899860930,760445,0,0',SCO,0,MAR,0,0,0,pre,heartbeat
1781899890789,760445,0,0',SCO,0,MAR,0,0,0,pre,heartbeat
1781899920737,760445,0,0',SCO,0,MAR,0,0,0,pre,heartbeat
1781899950510,760445,0,0',SCO,0,MAR,0,0,0,pre,heartbeat
1781899980399,760445,0,0',SCO,0,MAR,0,0,0,pre,heartbeat
1781900010317,760445,0,0',SCO,0,MAR,0,0,0,pre,heartbeat
1781900040174,760445,0,0',SCO,0,MAR,0,0,0,pre,heartbeat
1781900070152,760445,0,0',SCO,0,MAR,0,0,0,pre,heartbeat
1781900100048,760445,0,0',SCO,0,MAR,0,0,0,pre,heartbeat
1781900101085,760445,0,0',SCO,0,MAR,0,0,0,pre,heartbeat
1781900130908,760445,0,0',SCO,0,MAR,0,0,0,pre,heartbeat
1781900160906,760445,0,0',SCO,0,MAR,0,0,0,pre,heartbeat
1781900190815,760445,0,0',SCO,0,MAR,0,0,0,pre,heartbeat
1781900220671,760445,0,0',SCO,0,MAR,0,0,0,pre,heartbeat
1781900250679,760445,0,0',SCO,0,MAR,0,0,0,pre,heartbeat
1781900280909,760445,0,0',SCO,0,MAR,0,0,0,pre,heartbeat
1781900310866,760445,0,0',SCO,0,MAR,0,0,0,pre,heartbeat
1781900340771,760445,0,0',SCO,0,MAR,0,0,0,pre,heartbeat
1781900370694,760445,0,0',SCO,0,MAR,0,0,0,pre,heartbeat
1781900400640,760445,0,0',SCO,0,MAR,0,0,0,pre,heartbeat
1781900430619,760445,0,0',SCO,0,MAR,0,0,0,pre,heartbeat
1781900460507,760445,0,0',SCO,0,MAR,0,0,0,pre,heartbeat
1781900490463,760445,0,0',SCO,0,MAR,0,0,0,pre,heartbeat
1781900520502,760445,0,0',SCO,0,MAR,0,0,0,pre,heartbeat
1781900550736,760445,0,0',SCO,0,MAR,0,0,0,pre,heartbeat
1781900580565,760445,0,0',SCO,0,MAR,0,0,0,pre,heartbeat
1781900610462,760445,0,0',SCO,0,MAR,0,0,0,pre,heartbeat
1781900640407,760445,0,0',SCO,0,MAR,0,0,0,pre,heartbeat
1781900670402,760445,0,0',SCO,0,MAR,0,0,0,pre,heartbeat
1781900700409,760445,0,0',SCO,0,MAR,0,0,0,pre,heartbeat
1781900730274,760445,0,0',SCO,0,MAR,0,0,0,pre,heartbeat
1781900760119,760445,0,0',SCO,0,MAR,0,0,0,pre,heartbeat
1781900790993,760445,0,0',SCO,0,MAR,0,0,0,pre,heartbeat
1781900820776,760445,0,0',SCO,0,MAR,0,0,0,pre,heartbeat
1781900850702,760445,0,0',SCO,0,MAR,0,0,0,pre,heartbeat
1781900880644,760445,0,0',SCO,0,MAR,0,0,0,pre,heartbeat
1781900910572,760445,0,0',SCO,0,MAR,0,0,0,pre,heartbeat
1781900940474,760445,0,0',SCO,0,MAR,0,0,0,pre,heartbeat
1781900970351,760445,0,0',SCO,0,MAR,0,0,0,pre,heartbeat
1781901000441,760445,0,0',SCO,0,MAR,0,0,0,pre,heartbeat
1781901030381,760445,0,0',SCO,0,MAR,0,0,0,pre,heartbeat
1781901060482,760445,0,0',SCO,0,MAR,0,0,0,pre,heartbeat
1781901090429,760445,0,0',SCO,0,MAR,0,0,0,pre,heartbeat
1781901120257,760445,0,0',SCO,0,MAR,0,0,0,pre,heartbeat
1781901150279,760445,0,0',SCO,0,MAR,0,0,0,pre,heartbeat
1781901180107,760445,0,0',SCO,0,MAR,0,0,0,pre,heartbeat
1781901210931,760445,0,0',SCO,0,MAR,0,0,0,pre,heartbeat
1781901240652,760445,0,0',SCO,0,MAR,0,0,0,pre,heartbeat
1781901270594,760445,0,0',SCO,0,MAR,0,0,0,pre,heartbeat
1781901300469,760445,0,0',SCO,0,MAR,0,0,0,pre,heartbeat
1781901330277,760445,0,0',SCO,0,MAR,0,0,0,pre,heartbeat
1781901360121,760445,0,0',SCO,0,MAR,0,0,0,pre,heartbeat
1781901391006,760445,0,0',SCO,0,MAR,0,0,0,pre,heartbeat
1781901420938,760445,0,0',SCO,0,MAR,0,0,0,pre,heartbeat
1781901450858,760445,0,0',SCO,0,MAR,0,0,0,pre,heartbeat
1781901480740,760445,0,0',SCO,0,MAR,0,0,0,pre,heartbeat
1781901510779,760445,0,0',SCO,0,MAR,0,0,0,pre,heartbeat
1781901540575,760445,0,0',SCO,0,MAR,0,0,0,pre,heartbeat
1781901570482,760445,0,0',SCO,0,MAR,0,0,0,pre,heartbeat
1781901600353,760445,0,0',SCO,0,MAR,0,0,0,pre,heartbeat
1781901630333,760445,0,0',SCO,0,MAR,0,0,0,pre,heartbeat
1781901660207,760445,0,0',SCO,0,MAR,0,0,0,pre,heartbeat
1781901690092,760445,0,0',SCO,0,MAR,0,0,0,pre,heartbeat
1781901720014,760445,0,0',SCO,0,MAR,0,0,0,pre,heartbeat
1781901721062,760445,0,0',SCO,0,MAR,0,0,0,pre,heartbeat
1781901750939,760445,0,0',SCO,0,MAR,0,0,0,pre,heartbeat
1781901780839,760445,0,0',SCO,0,MAR,0,0,0,pre,heartbeat
1781901810782,760445,0,0',SCO,0,MAR,0,0,0,pre,heartbeat
1781901840837,760445,0,0',SCO,0,MAR,0,0,0,pre,heartbeat
1781901870790,760445,0,0',SCO,0,MAR,0,0,0,pre,heartbeat
1781901900607,760445,0,0',SCO,0,MAR,0,0,0,pre,heartbeat
1781901930520,760445,0,0',SCO,0,MAR,0,0,0,pre,heartbeat
1781901960379,760445,0,0',SCO,0,MAR,0,0,0,pre,heartbeat
1781901990362,760445,0,0',SCO,0,MAR,0,0,0,pre,heartbeat
1781902020266,760445,0,0',SCO,0,MAR,0,0,0,pre,heartbeat
1781902050059,760445,0,0',SCO,0,MAR,0,0,0,pre,heartbeat
1781902051083,760445,0,0',SCO,0,MAR,0,0,0,pre,heartbeat
1781902080927,760445,0,0',SCO,0,MAR,0,0,0,pre,heartbeat
1781902110731,760445,0,0',SCO,0,MAR,0,0,0,pre,heartbeat
1781902140599,760445,0,0',SCO,0,MAR,0,0,0,pre,heartbeat
1781902170387,760445,0,0',SCO,0,MAR,0,0,0,pre,heartbeat
1781902200182,760445,0,0',SCO,0,MAR,0,0,0,pre,heartbeat
1781902230054,760445,0,0',SCO,0,MAR,0,0,0,pre,heartbeat
1781902231088,760445,0,0',SCO,0,MAR,0,0,0,pre,heartbeat
1781902260930,760445,0,0',SCO,0,MAR,0,0,0,pre,heartbeat
1781902290816,760445,0,0',SCO,0,MAR,0,0,0,pre,heartbeat
1781902320730,760445,0,0',SCO,0,MAR,0,0,0,pre,heartbeat
1781902350677,760445,0,0',SCO,0,MAR,0,0,0,pre,heartbeat
1781902380585,760445,0,0',SCO,0,MAR,0,0,0,pre,heartbeat
1781902410545,760445,0,0',SCO,0,MAR,0,0,0,pre,heartbeat
1781902440364,760445,0,0',SCO,0,MAR,0,0,0,pre,heartbeat
1781902470229,760445,0,0',SCO,0,MAR,0,0,0,pre,heartbeat
1781902500247,760445,0,0',SCO,0,MAR,0,0,0,pre,heartbeat
1781902530211,760445,0,0',SCO,0,MAR,0,0,0,pre,heartbeat
1781902560171,760445,0,0',SCO,0,MAR,0,0,0,pre,heartbeat
1781902590008,760445,0,0',SCO,0,MAR,0,0,0,pre,heartbeat
1781902591031,760445,0,0',SCO,0,MAR,0,0,0,pre,heartbeat
1781902621022,760445,0,0',SCO,0,MAR,0,0,0,pre,heartbeat
1781902650923,760445,0,0',SCO,0,MAR,0,0,0,pre,heartbeat
1781902680782,760445,0,0',SCO,0,MAR,0,0,0,pre,heartbeat
1781902710660,760445,0,0',SCO,0,MAR,0,0,0,pre,heartbeat
1781902740517,760445,0,0',SCO,0,MAR,0,0,0,pre,heartbeat
1781902770465,760445,0,0',SCO,0,MAR,0,0,0,pre,heartbeat
1781902800364,760445,0,0',SCO,0,MAR,0,0,0,pre,heartbeat
1781902830337,760445,0,0',SCO,0,MAR,0,0,0,pre,heartbeat
1781902860237,760445,0,0',SCO,0,MAR,0,0,0,pre,heartbeat
1781902890181,760445,0,0',SCO,0,MAR,0,0,0,pre,heartbeat
1781902920064,760445,0,0',SCO,0,MAR,0,0,0,pre,heartbeat
1781902950951,760445,0,0',SCO,0,MAR,0,0,0,pre,heartbeat
1781902980805,760445,0,0',SCO,0,MAR,0,0,0,pre,heartbeat
1781903010683,760445,0,0',SCO,0,MAR,0,0,0,pre,heartbeat
1781903040615,760445,0,0',SCO,0,MAR,0,0,0,pre,heartbeat
1781903070585,760445,0,0',SCO,0,MAR,0,0,0,pre,heartbeat
1781903100475,760445,0,0',SCO,0,MAR,0,0,0,pre,heartbeat
1781903130497,760445,0,0',SCO,0,MAR,0,0,0,pre,heartbeat
1781903160542,760445,0,0',SCO,0,MAR,0,0,0,pre,heartbeat
1781903190600,760445,0,0',SCO,0,MAR,0,0,0,pre,heartbeat
1781903220530,760445,0,0',SCO,0,MAR,0,0,0,pre,heartbeat
1781903250472,760445,0,0',SCO,0,MAR,0,0,0,pre,heartbeat
1781903280420,760445,0,0',SCO,0,MAR,0,0,0,pre,heartbeat
1781903310436,760445,0,0',SCO,0,MAR,0,0,0,pre,heartbeat
1781903340333,760445,0,0',SCO,0,MAR,0,0,0,pre,heartbeat
1781903370384,760445,0,0',SCO,0,MAR,0,0,0,pre,heartbeat
1781903400292,760445,0,0',SCO,0,MAR,0,0,0,pre,heartbeat
1781903430235,760445,0,0',SCO,0,MAR,0,0,0,pre,heartbeat
1781903460108,760445,0,0',SCO,0,MAR,0,0,0,pre,heartbeat
1781903490096,760445,0,0',SCO,0,MAR,0,0,0,pre,heartbeat
1781903521053,760445,0,0',SCO,0,MAR,0,0,0,pre,heartbeat
1781903550053,760445,0,0',SCO,0,MAR,0,0,0,pre,heartbeat
1781903551083,760445,0,0',SCO,0,MAR,0,0,0,pre,heartbeat
1781903581015,760445,0,0',SCO,0,MAR,0,0,0,pre,heartbeat
1781903610942,760445,0,0',SCO,0,MAR,0,0,0,pre,heartbeat
1781903640776,760445,0,0',SCO,0,MAR,0,0,0,pre,heartbeat
1781903670764,760445,0,0',SCO,0,MAR,0,0,0,pre,heartbeat
1781903700662,760445,0,0',SCO,0,MAR,0,0,0,pre,heartbeat
1781903730703,760445,0,0',SCO,0,MAR,0,0,0,pre,heartbeat
1781903760617,760445,0,0',SCO,0,MAR,0,0,0,pre,heartbeat
1781903790623,760445,0,0',SCO,0,MAR,0,0,0,pre,heartbeat
1781903820649,760445,0,0',SCO,0,MAR,0,0,0,pre,heartbeat
1781903850464,760445,0,0',SCO,0,MAR,0,0,0,pre,heartbeat
1781903880343,760445,0,0',SCO,0,MAR,0,0,0,pre,heartbeat
1781903910303,760445,0,0',SCO,0,MAR,0,0,0,pre,heartbeat
1781903940177,760445,0,0',SCO,0,MAR,0,0,0,pre,heartbeat
1781903970028,760445,0,0',SCO,0,MAR,0,0,0,pre,heartbeat
1781903971051,760445,0,0',SCO,0,MAR,0,0,0,pre,heartbeat
1781904000991,760445,0,0',SCO,0,MAR,0,0,0,pre,heartbeat
1781904030904,760445,0,0',SCO,0,MAR,0,0,0,pre,heartbeat
1781904060750,760445,0,0',SCO,0,MAR,0,0,0,pre,heartbeat
1781904090712,760445,0,0',SCO,0,MAR,0,0,0,pre,heartbeat
1781904120677,760445,0,0',SCO,0,MAR,0,0,0,pre,heartbeat
1781904150676,760445,0,0',SCO,0,MAR,0,0,0,pre,heartbeat
1781904180681,760445,0,0',SCO,0,MAR,0,0,0,pre,heartbeat
1781904210603,760445,0,0',SCO,0,MAR,0,0,0,pre,heartbeat
1781904240481,760445,0,0',SCO,0,MAR,0,0,0,pre,heartbeat
1781904270388,760445,0,0',SCO,0,MAR,0,0,0,pre,heartbeat
1781904300336,760445,0,0',SCO,0,MAR,0,0,0,pre,heartbeat
1781904330284,760445,0,0',SCO,0,MAR,0,0,0,pre,heartbeat
1781904360204,760445,0,0',SCO,0,MAR,0,0,0,pre,heartbeat
1781904390090,760445,0,0',SCO,0,MAR,0,0,0,pre,heartbeat
1781904420948,760445,0,0',SCO,0,MAR,0,0,0,pre,heartbeat
1781904450797,760445,0,0',SCO,0,MAR,0,0,0,pre,heartbeat
1781904480662,760445,0,0',SCO,0,MAR,0,0,0,pre,heartbeat
1781904510573,760445,0,0',SCO,0,MAR,0,0,0,pre,heartbeat
1781904540452,760445,0,0',SCO,0,MAR,0,0,0,pre,heartbeat
1781904570418,760445,0,0',SCO,0,MAR,0,0,0,pre,heartbeat
1781904600265,760445,0,0',SCO,0,MAR,0,0,0,pre,heartbeat
1781904630233,760445,0,0',SCO,0,MAR,0,0,0,pre,heartbeat
1781904660043,760445,0,0',SCO,0,MAR,0,0,0,pre,heartbeat
1781904661069,760445,0,0',SCO,0,MAR,0,0,0,pre,heartbeat
1781904690875,760445,0,0',SCO,0,MAR,0,0,0,pre,heartbeat
1781904720889,760445,0,0',SCO,0,MAR,0,0,0,pre,heartbeat
1781904750899,760445,0,0',SCO,0,MAR,0,0,0,pre,heartbeat
1781904780770,760445,0,0',SCO,0,MAR,0,0,0,pre,heartbeat
1781904810567,760445,0,0',SCO,0,MAR,0,0,0,pre,heartbeat
1781904840417,760445,0,0',SCO,0,MAR,0,0,0,pre,heartbeat
1781904870354,760445,0,0',SCO,0,MAR,0,0,0,pre,heartbeat
1781904900148,760445,0,0',SCO,0,MAR,0,0,0,pre,heartbeat
1781904930040,760445,0,0',SCO,0,MAR,0,0,0,pre,heartbeat
1781904931064,760445,0,0',SCO,0,MAR,0,0,0,pre,heartbeat
1781904960853,760445,0,0',SCO,0,MAR,0,0,0,pre,heartbeat
1781904990753,760445,0,0',SCO,0,MAR,0,0,0,pre,heartbeat
1781905020548,760445,0,0',SCO,0,MAR,0,0,0,pre,heartbeat
1781905050431,760445,0,0',SCO,0,MAR,0,0,0,pre,heartbeat
1781905080311,760445,0,0',SCO,0,MAR,0,0,0,pre,heartbeat
1781905110150,760445,0,0',SCO,0,MAR,0,0,0,pre,heartbeat
1781905140938,760445,0,0',SCO,0,MAR,0,0,0,pre,heartbeat
1781905170801,760445,0,0',SCO,0,MAR,0,0,0,pre,heartbeat
1781905200649,760445,0,0',SCO,0,MAR,0,0,0,pre,heartbeat
1781905230491,760445,0,0',SCO,0,MAR,0,0,0,pre,heartbeat
1781905260231,760445,0,0',SCO,0,MAR,0,0,0,pre,heartbeat
1781905291012,760445,0,0',SCO,0,MAR,0,0,0,pre,heartbeat
1781905320959,760445,0,0',SCO,0,MAR,0,0,0,pre,heartbeat
1781905350912,760445,0,0',SCO,0,MAR,0,0,0,pre,heartbeat
1781905380722,760445,0,0',SCO,0,MAR,0,0,0,pre,heartbeat
1781905410525,760445,0,0',SCO,0,MAR,0,0,0,pre,heartbeat
1781905440343,760445,0,0',SCO,0,MAR,0,0,0,pre,heartbeat
1781905470123,760445,0,0',SCO,0,MAR,0,0,0,pre,heartbeat
1781905501018,760445,0,0',SCO,0,MAR,0,0,0,pre,heartbeat
1781905530833,760445,0,0',SCO,0,MAR,0,0,0,pre,heartbeat
1781905560706,760445,0,0',SCO,0,MAR,0,0,0,pre,heartbeat
1781905590550,760445,0,0',SCO,0,MAR,0,0,0,pre,heartbeat
1781905620408,760445,0,0',SCO,0,MAR,0,0,0,pre,heartbeat
1781905650283,760445,0,0',SCO,0,MAR,0,0,0,pre,heartbeat
1781905680157,760445,0,0',SCO,0,MAR,0,0,0,pre,heartbeat
1781905710004,760445,0,0',SCO,0,MAR,0,0,0,pre,heartbeat
1781905711035,760445,0,0',SCO,0,MAR,0,0,0,pre,heartbeat
1781905740771,760445,0,0',SCO,0,MAR,0,0,0,pre,heartbeat
1781905770605,760445,0,0',SCO,0,MAR,0,0,0,pre,heartbeat
1781905800367,760445,0,0',SCO,0,MAR,0,0,0,pre,heartbeat
1781905830186,760445,0,0',SCO,0,MAR,0,0,0,pre,heartbeat
1781905860029,760445,0,0',SCO,0,MAR,0,0,0,pre,heartbeat
1781905861055,760445,0,0',SCO,0,MAR,0,0,0,pre,heartbeat
1781905890903,760445,0,0',SCO,0,MAR,0,0,0,pre,heartbeat
1781905920668,760445,0,0',SCO,0,MAR,0,0,0,pre,heartbeat
1781905950472,760445,0,0',SCO,0,MAR,0,0,0,pre,heartbeat
1781905980246,760445,0,0',SCO,0,MAR,0,0,0,pre,heartbeat
1781906010097,760445,0,0',SCO,0,MAR,0,0,0,pre,heartbeat
1781906040918,760445,0,0',SCO,0,MAR,0,0,0,pre,heartbeat
1781906070761,760445,0,0',SCO,0,MAR,0,0,0,pre,heartbeat
1781906100628,760445,0,0',SCO,0,MAR,0,0,0,pre,heartbeat
1781906130484,760445,0,0',SCO,0,MAR,0,0,0,pre,heartbeat
1781906160365,760445,0,0',SCO,0,MAR,0,0,0,pre,heartbeat
1781906190221,760445,0,0',SCO,0,MAR,0,0,0,pre,heartbeat
1781906220008,760445,0,0',SCO,0,MAR,0,0,0,pre,heartbeat
1781906221032,760445,0,0',SCO,0,MAR,0,0,0,pre,heartbeat
1781906250795,760445,0,0',SCO,0,MAR,0,0,0,pre,heartbeat
1781906280724,760445,0,0',SCO,0,MAR,0,0,0,pre,heartbeat
1781906310547,760445,0,0',SCO,0,MAR,0,0,0,pre,heartbeat
1781906340509,760445,0,0',SCO,0,MAR,0,0,0,pre,heartbeat
1781906370383,760445,0,0',SCO,0,MAR,0,0,0,pre,heartbeat
1781906400405,760445,0,0',SCO,0,MAR,0,0,0,pre,heartbeat
1781906430307,760445,0,0',SCO,0,MAR,0,0,0,pre,heartbeat
1781906449788,760445,1,1',SCO,0,MAR,0,0,0,in,period_change
1781906460201,760445,1,1',SCO,0,MAR,0,0,0,in,heartbeat
1781906490068,760445,1,1',SCO,0,MAR,0,0,0,in,heartbeat
1781906520943,760445,1,2',SCO,0,MAR,0,0,0,in,heartbeat
1781906529214,760445,1,2',SCO,0,MAR,1,0,1,in,score_change
1781906550803,760445,1,2',SCO,0,MAR,1,0,0,in,heartbeat
1781906580619,760445,1,3',SCO,0,MAR,1,0,0,in,heartbeat
1781906610542,760445,1,3',SCO,0,MAR,1,0,0,in,heartbeat
1781906640443,760445,1,4',SCO,0,MAR,1,0,0,in,heartbeat
1781906670225,760445,1,4',SCO,0,MAR,1,0,0,in,heartbeat
1781906700123,760445,1,4',SCO,0,MAR,1,0,0,in,heartbeat
1781906730964,760445,1,5',SCO,0,MAR,1,0,0,in,heartbeat
1781906760746,760445,1,5',SCO,0,MAR,1,0,0,in,heartbeat
1781906790546,760445,1,6',SCO,0,MAR,1,0,0,in,heartbeat
1781906820323,760445,1,6',SCO,0,MAR,1,0,0,in,heartbeat
1781906850145,760445,1,7',SCO,0,MAR,1,0,0,in,heartbeat
1781906880060,760445,1,7',SCO,0,MAR,1,0,0,in,heartbeat
1781906910943,760445,1,8',SCO,0,MAR,1,0,0,in,heartbeat
1781906940723,760445,1,8',SCO,0,MAR,1,0,0,in,heartbeat
1781906970514,760445,1,9',SCO,0,MAR,1,0,0,in,heartbeat
1781907000331,760445,1,9',SCO,0,MAR,1,0,0,in,heartbeat
1781907030221,760445,1,10',SCO,0,MAR,1,0,0,in,heartbeat
1781907060044,760445,1,10',SCO,0,MAR,1,0,0,in,heartbeat
1781907061077,760445,1,10',SCO,0,MAR,1,0,0,in,heartbeat
1781907090794,760445,1,11',SCO,0,MAR,1,0,0,in,heartbeat
1781907120536,760445,1,11',SCO,0,MAR,1,0,0,in,heartbeat
1781907150259,760445,1,12',SCO,0,MAR,1,0,0,in,heartbeat
1781907180105,760445,1,12',SCO,0,MAR,1,0,0,in,heartbeat
1781907210956,760445,1,13',SCO,0,MAR,1,0,0,in,heartbeat
1781907240729,760445,1,13',SCO,0,MAR,1,0,0,in,heartbeat
1781907270512,760445,1,14',SCO,0,MAR,1,0,0,in,heartbeat
1781907300346,760445,1,14',SCO,0,MAR,1,0,0,in,heartbeat
1781907330098,760445,1,15',SCO,0,MAR,1,0,0,in,heartbeat
1781907360875,760445,1,15',SCO,0,MAR,1,0,0,in,heartbeat
1781907390675,760445,1,16',SCO,0,MAR,1,0,0,in,heartbeat
1781907420426,760445,1,16',SCO,0,MAR,1,0,0,in,heartbeat
1781907450343,760445,1,17',SCO,0,MAR,1,0,0,in,heartbeat
1781907480188,760445,1,17',SCO,0,MAR,1,0,0,in,heartbeat
1781907511013,760445,1,18',SCO,0,MAR,1,0,0,in,heartbeat
1781907540781,760445,1,18',SCO,0,MAR,1,0,0,in,heartbeat
1781907570566,760445,1,19',SCO,0,MAR,1,0,0,in,heartbeat
1781907600383,760445,1,19',SCO,0,MAR,1,0,0,in,heartbeat
1781907630249,760445,1,20',SCO,0,MAR,1,0,0,in,heartbeat
1781907660068,760445,1,20',SCO,0,MAR,1,0,0,in,heartbeat
1781907690876,760445,1,21',SCO,0,MAR,1,0,0,in,heartbeat
1781907720702,760445,1,21',SCO,0,MAR,1,0,0,in,heartbeat
1781907750535,760445,1,22',SCO,0,MAR,1,0,0,in,heartbeat
1781907780332,760445,1,23',SCO,0,MAR,1,0,0,in,heartbeat
1781907810172,760445,1,23',SCO,0,MAR,1,0,0,in,heartbeat
1781907840100,760445,1,24',SCO,0,MAR,1,0,0,in,heartbeat
1781907870983,760445,1,24',SCO,0,MAR,1,0,0,in,heartbeat
1781907900952,760445,1,25',SCO,0,MAR,1,0,0,in,heartbeat
1781907930894,760445,1,25',SCO,0,MAR,1,0,0,in,heartbeat
1781907960825,760445,1,26',SCO,0,MAR,1,0,0,in,heartbeat
1781907990728,760445,1,26',SCO,0,MAR,1,0,0,in,heartbeat
1781908020704,760445,1,27',SCO,0,MAR,1,0,0,in,heartbeat
1781908050715,760445,1,27',SCO,0,MAR,1,0,0,in,heartbeat
1781908080695,760445,1,28',SCO,0,MAR,1,0,0,in,heartbeat
1781908110490,760445,1,28',SCO,0,MAR,1,0,0,in,heartbeat
1781908140441,760445,1,29',SCO,0,MAR,1,0,0,in,heartbeat
1781908170306,760445,1,29',SCO,0,MAR,1,0,0,in,heartbeat
1781908200235,760445,1,30',SCO,0,MAR,1,0,0,in,heartbeat
1781908230137,760445,1,30',SCO,0,MAR,1,0,0,in,heartbeat
1781908260079,760445,1,31',SCO,0,MAR,1,0,0,in,heartbeat
1781908290045,760445,1,31',SCO,0,MAR,1,0,0,in,heartbeat
1781908291073,760445,1,31',SCO,0,MAR,1,0,0,in,heartbeat
1781908320968,760445,1,32',SCO,0,MAR,1,0,0,in,heartbeat
1781908350940,760445,1,32',SCO,0,MAR,1,0,0,in,heartbeat
1781908380727,760445,1,33',SCO,0,MAR,1,0,0,in,heartbeat
1781908410584,760445,1,33',SCO,0,MAR,1,0,0,in,heartbeat
1781908440418,760445,1,34',SCO,0,MAR,1,0,0,in,heartbeat
1781908470324,760445,1,34',SCO,0,MAR,1,0,0,in,heartbeat
1781908500222,760445,1,35',SCO,0,MAR,1,0,0,in,heartbeat
1781908530072,760445,1,35',SCO,0,MAR,1,0,0,in,heartbeat
1781908531097,760445,1,35',SCO,0,MAR,1,0,0,in,heartbeat
1781908561048,760445,1,36',SCO,0,MAR,1,0,0,in,heartbeat
1781908590938,760445,1,36',SCO,0,MAR,1,0,0,in,heartbeat
1781908620894,760445,1,37',SCO,0,MAR,1,0,0,in,heartbeat
1781908650900,760445,1,37',SCO,0,MAR,1,0,0,in,heartbeat
1781908680786,760445,1,38',SCO,0,MAR,1,0,0,in,heartbeat
1781908710771,760445,1,38',SCO,0,MAR,1,0,0,in,heartbeat
1781908740855,760445,1,39',SCO,0,MAR,1,0,0,in,heartbeat
1781908770621,760445,1,39',SCO,0,MAR,1,0,0,in,heartbeat
1781908800470,760445,1,40',SCO,0,MAR,1,0,0,in,heartbeat
1781908830406,760445,1,40',SCO,0,MAR,1,0,0,in,heartbeat
1781908860251,760445,1,40',SCO,0,MAR,1,0,0,in,heartbeat
1781908890171,760445,1,41',SCO,0,MAR,1,0,0,in,heartbeat
1781908920049,760445,1,42',SCO,0,MAR,1,0,0,in,heartbeat
1781908921074,760445,1,42',SCO,0,MAR,1,0,0,in,heartbeat
1781908950954,760445,1,42',SCO,0,MAR,1,0,0,in,heartbeat
1781908980767,760445,1,43',SCO,0,MAR,1,0,0,in,heartbeat
1781909010576,760445,1,43',SCO,0,MAR,1,0,0,in,heartbeat
1781909040468,760445,1,44',SCO,0,MAR,1,0,0,in,heartbeat
1781909070362,760445,1,44',SCO,0,MAR,1,0,0,in,heartbeat
1781909100262,760445,1,45',SCO,0,MAR,1,0,0,in,heartbeat
1781909130243,760445,1,45',SCO,0,MAR,1,0,0,in,heartbeat
1781909160101,760445,1,45'+1',SCO,0,MAR,1,0,0,in,heartbeat
1781909190971,760445,1,45'+1',SCO,0,MAR,1,0,0,in,heartbeat
1781909220841,760445,1,45'+1',SCO,0,MAR,1,0,0,in,heartbeat
1781909250623,760445,1,45'+2',SCO,0,MAR,1,0,0,in,heartbeat
1781909280448,760445,1,45'+2',SCO,0,MAR,1,0,0,in,heartbeat
1781909310257,760445,1,45'+3',SCO,0,MAR,1,0,0,in,heartbeat
1781909340166,760445,1,45'+3',SCO,0,MAR,1,0,0,in,heartbeat
1781909370133,760445,1,45'+4',SCO,0,MAR,1,0,0,in,heartbeat
1781909401030,760445,1,45'+4',SCO,0,MAR,1,0,0,in,heartbeat
1781909430865,760445,1,45'+5',SCO,0,MAR,1,0,0,in,heartbeat
1781909460749,760445,1,45'+5',SCO,0,MAR,1,0,0,in,heartbeat
1781909490658,760445,1,45'+5',SCO,0,MAR,1,0,0,in,heartbeat
1781909520708,760445,1,45'+5',SCO,0,MAR,1,0,0,in,heartbeat
1781909550641,760445,1,45'+5',SCO,0,MAR,1,0,0,in,heartbeat
1781909580492,760445,1,45'+5',SCO,0,MAR,1,0,0,in,heartbeat
1781909610282,760445,1,45'+5',SCO,0,MAR,1,0,0,in,heartbeat
1781909640166,760445,1,45'+5',SCO,0,MAR,1,0,0,in,heartbeat
1781909670038,760445,1,45'+5',SCO,0,MAR,1,0,0,in,heartbeat
1781909671062,760445,1,45'+5',SCO,0,MAR,1,0,0,in,heartbeat
1781909700977,760445,1,45'+5',SCO,0,MAR,1,0,0,in,heartbeat
1781909730932,760445,1,45'+5',SCO,0,MAR,1,0,0,in,heartbeat
1781909760837,760445,1,45'+5',SCO,0,MAR,1,0,0,in,heartbeat
1781909790929,760445,1,45'+5',SCO,0,MAR,1,0,0,in,heartbeat
1781909820135,760445,1,45'+5',SCO,0,MAR,1,0,0,in,heartbeat
1781909850156,760445,1,45'+5',SCO,0,MAR,1,0,0,in,heartbeat
1781909880270,760445,1,45'+5',SCO,0,MAR,1,0,0,in,heartbeat
1781909910222,760445,1,45'+5',SCO,0,MAR,1,0,0,in,heartbeat
1781909940038,760445,1,45'+5',SCO,0,MAR,1,0,0,in,heartbeat
1781909941079,760445,1,45'+5',SCO,0,MAR,1,0,0,in,heartbeat
1781909970229,760445,1,45'+5',SCO,0,MAR,1,0,0,in,heartbeat
1781910000001,760445,1,45'+5',SCO,0,MAR,1,0,0,in,heartbeat
1781910001034,760445,1,45'+5',SCO,0,MAR,1,0,0,in,heartbeat
1781910030984,760445,1,45'+5',SCO,0,MAR,1,0,0,in,heartbeat
1781910060407,760445,1,45'+5',SCO,0,MAR,1,0,0,in,heartbeat
1781910090316,760445,1,45'+5',SCO,0,MAR,1,0,0,in,heartbeat
1781910120309,760445,1,45'+5',SCO,0,MAR,1,0,0,in,heartbeat
1781910150268,760445,1,45'+5',SCO,0,MAR,1,0,0,in,heartbeat
1781910180281,760445,1,45'+5',SCO,0,MAR,1,0,0,in,heartbeat
1781910210355,760445,1,45'+5',SCO,0,MAR,1,0,0,in,heartbeat
1781910240193,760445,1,45'+5',SCO,0,MAR,1,0,0,in,heartbeat
1781910270170,760445,1,45'+5',SCO,0,MAR,1,0,0,in,heartbeat
1781910300065,760445,1,45'+5',SCO,0,MAR,1,0,0,in,heartbeat
1781910301091,760445,1,45'+5',SCO,0,MAR,1,0,0,in,heartbeat
1781910330983,760445,1,45'+5',SCO,0,MAR,1,0,0,in,heartbeat
1781910360910,760445,1,45'+5',SCO,0,MAR,1,0,0,in,heartbeat
1781910390854,760445,1,45'+5',SCO,0,MAR,1,0,0,in,heartbeat
1781910420779,760445,1,45'+5',SCO,0,MAR,1,0,0,in,heartbeat
1781910450684,760445,1,45'+5',SCO,0,MAR,1,0,0,in,heartbeat
1781910480592,760445,1,45'+5',SCO,0,MAR,1,0,0,in,heartbeat
1781910481614,760445,2,46',SCO,0,MAR,1,0,0,in,period_change
1781910510586,760445,2,46',SCO,0,MAR,1,0,0,in,heartbeat
1781910540444,760445,2,46',SCO,0,MAR,1,0,0,in,heartbeat
1781910570452,760445,2,47',SCO,0,MAR,1,0,0,in,heartbeat
1781910600287,760445,2,47',SCO,0,MAR,1,0,0,in,heartbeat
1781910630364,760445,2,48',SCO,0,MAR,1,0,0,in,heartbeat
1781910660221,760445,2,48',SCO,0,MAR,1,0,0,in,heartbeat
1781910690021,760445,2,49',SCO,0,MAR,1,0,0,in,heartbeat
1781910720166,760445,2,49',SCO,0,MAR,1,0,0,in,heartbeat
1781910750022,760445,2,50',SCO,0,MAR,1,0,0,in,heartbeat
1781910751051,760445,2,50',SCO,0,MAR,1,0,0,in,heartbeat
1781910780883,760445,2,50',SCO,0,MAR,1,0,0,in,heartbeat
1781910810732,760445,2,51',SCO,0,MAR,1,0,0,in,heartbeat
1781910840488,760445,2,51',SCO,0,MAR,1,0,0,in,heartbeat
1781910870390,760445,2,52',SCO,0,MAR,1,0,0,in,heartbeat
1781910900136,760445,2,52',SCO,0,MAR,1,0,0,in,heartbeat
1781910930036,760445,2,53',SCO,0,MAR,1,0,0,in,heartbeat
1781910931064,760445,2,53',SCO,0,MAR,1,0,0,in,heartbeat
1781910960933,760445,2,53',SCO,0,MAR,1,0,0,in,heartbeat
1781910990813,760445,2,54',SCO,0,MAR,1,0,0,in,heartbeat
1781911020704,760445,2,54',SCO,0,MAR,1,0,0,in,heartbeat
1781911050680,760445,2,55',SCO,0,MAR,1,0,0,in,heartbeat
1781911080723,760445,2,55',SCO,0,MAR,1,0,0,in,heartbeat
1781911110620,760445,2,56',SCO,0,MAR,1,0,0,in,heartbeat
1781911140464,760445,2,56',SCO,0,MAR,1,0,0,in,heartbeat
1781911170401,760445,2,57',SCO,0,MAR,1,0,0,in,heartbeat
1781911200313,760445,2,57',SCO,0,MAR,1,0,0,in,heartbeat
1781911230189,760445,2,58',SCO,0,MAR,1,0,0,in,heartbeat
1781911260084,760445,2,58',SCO,0,MAR,1,0,0,in,heartbeat
1781911290982,760445,2,59',SCO,0,MAR,1,0,0,in,heartbeat
1781911320826,760445,2,59',SCO,0,MAR,1,0,0,in,heartbeat
1781911350703,760445,2,60',SCO,0,MAR,1,0,0,in,heartbeat
1781911380760,760445,2,60',SCO,0,MAR,1,0,0,in,heartbeat
1781911410749,760445,2,60',SCO,0,MAR,1,0,0,in,heartbeat
1781911440538,760445,2,61',SCO,0,MAR,1,0,0,in,heartbeat
1781911470480,760445,2,62',SCO,0,MAR,1,0,0,in,heartbeat
1781911500301,760445,2,62',SCO,0,MAR,1,0,0,in,heartbeat
1781911530170,760445,2,62',SCO,0,MAR,1,0,0,in,heartbeat
1781911560109,760445,2,63',SCO,0,MAR,1,0,0,in,heartbeat
1781911591008,760445,2,63',SCO,0,MAR,1,0,0,in,heartbeat
1781911620803,760445,2,64',SCO,0,MAR,1,0,0,in,heartbeat
1781911650608,760445,2,64',SCO,0,MAR,1,0,0,in,heartbeat
1781911680475,760445,2,65',SCO,0,MAR,1,0,0,in,heartbeat
1781911710395,760445,2,65',SCO,0,MAR,1,0,0,in,heartbeat
1781911740138,760445,2,66',SCO,0,MAR,1,0,0,in,heartbeat
1781911771009,760445,2,66',SCO,0,MAR,1,0,0,in,heartbeat
1781911800796,760445,2,67',SCO,0,MAR,1,0,0,in,heartbeat
1781911830613,760445,2,68',SCO,0,MAR,1,0,0,in,heartbeat
1781911860412,760445,2,68',SCO,0,MAR,1,0,0,in,heartbeat
1781911890224,760445,2,68',SCO,0,MAR,1,0,0,in,heartbeat
1781911920192,760445,2,69',SCO,0,MAR,1,0,0,in,heartbeat
1781911950122,760445,2,69',SCO,0,MAR,1,0,0,in,heartbeat
1781911981053,760445,2,70',SCO,0,MAR,1,0,0,in,heartbeat
1781912010985,760445,2,70',SCO,0,MAR,1,0,0,in,heartbeat
1781912040812,760445,2,71',SCO,0,MAR,1,0,0,in,heartbeat
1781912070639,760445,2,72',SCO,0,MAR,1,0,0,in,heartbeat
1781912100404,760445,2,72',SCO,0,MAR,1,0,0,in,heartbeat
1781912130192,760445,2,73',SCO,0,MAR,1,0,0,in,heartbeat
1781912160977,760445,2,73',SCO,0,MAR,1,0,0,in,heartbeat
1781912190733,760445,2,74',SCO,0,MAR,1,0,0,in,heartbeat
1781912220558,760445,2,74',SCO,0,MAR,1,0,0,in,heartbeat
1781912250372,760445,2,75',SCO,0,MAR,1,0,0,in,heartbeat
1781912280187,760445,2,75',SCO,0,MAR,1,0,0,in,heartbeat
1781912310094,760445,2,76',SCO,0,MAR,1,0,0,in,heartbeat
1781912340951,760445,2,76',SCO,0,MAR,1,0,0,in,heartbeat
1781912371001,760445,2,62',SCO,0,MAR,1,0,0,in,heartbeat
1781912400870,760445,2,77',SCO,0,MAR,1,0,0,in,heartbeat
1781912430714,760445,2,78',SCO,0,MAR,1,0,0,in,heartbeat
1781912460455,760445,2,78',SCO,0,MAR,1,0,0,in,heartbeat
1781912490241,760445,2,79',SCO,0,MAR,1,0,0,in,heartbeat
1781912520978,760445,2,79',SCO,0,MAR,1,0,0,in,heartbeat
1781912550884,760445,2,80',SCO,0,MAR,1,0,0,in,heartbeat
1781912580639,760445,2,80',SCO,0,MAR,1,0,0,in,heartbeat
1781912610456,760445,2,81',SCO,0,MAR,1,0,0,in,heartbeat
1781912640405,760445,2,81',SCO,0,MAR,1,0,0,in,heartbeat
1781912670423,760445,2,82',SCO,0,MAR,1,0,0,in,heartbeat
1781912700303,760445,2,82',SCO,0,MAR,1,0,0,in,heartbeat
1781912730280,760445,2,83',SCO,0,MAR,1,0,0,in,heartbeat
1781912760194,760445,2,83',SCO,0,MAR,1,0,0,in,heartbeat
1781912790097,760445,2,84',SCO,0,MAR,1,0,0,in,heartbeat
1781912820950,760445,2,84',SCO,0,MAR,1,0,0,in,heartbeat
1781912850805,760445,2,84',SCO,0,MAR,1,0,0,in,heartbeat
1781912880628,760445,2,85',SCO,0,MAR,1,0,0,in,heartbeat
1781912910455,760445,2,85',SCO,0,MAR,1,0,0,in,heartbeat
1781912940246,760445,2,86',SCO,0,MAR,1,0,0,in,heartbeat
1781912971002,760445,2,86',SCO,0,MAR,1,0,0,in,heartbeat
1781913000777,760445,2,87',SCO,0,MAR,1,0,0,in,heartbeat
1781913030627,760445,2,87',SCO,0,MAR,1,0,0,in,heartbeat
1781913060350,760445,2,88',SCO,0,MAR,1,0,0,in,heartbeat
1781913090267,760445,2,88',SCO,0,MAR,1,0,0,in,heartbeat
1781913120998,760445,2,89',SCO,0,MAR,1,0,0,in,heartbeat
1781913150831,760445,2,90',SCO,0,MAR,1,0,0,in,heartbeat
1781913180623,760445,2,90',SCO,0,MAR,1,0,0,in,heartbeat
1781913210463,760445,2,90'+1',SCO,0,MAR,1,0,0,in,heartbeat
1781913240266,760445,2,90'+1',SCO,0,MAR,1,0,0,in,heartbeat
1781913270060,760445,2,90'+2',SCO,0,MAR,1,0,0,in,heartbeat
1781913271087,760445,2,90'+2',SCO,0,MAR,1,0,0,in,heartbeat
1781913300923,760445,2,90'+2',SCO,0,MAR,1,0,0,in,heartbeat
1781913330775,760445,2,90'+3',SCO,0,MAR,1,0,0,in,heartbeat
1781913360618,760445,2,90'+3',SCO,0,MAR,1,0,0,in,heartbeat
1781913390501,760445,2,90'+4',SCO,0,MAR,1,0,0,in,heartbeat
1781913420361,760445,2,90'+4',SCO,0,MAR,1,0,0,in,heartbeat
1781913450172,760445,2,90'+5',SCO,0,MAR,1,0,0,in,heartbeat
1781913480118,760445,2,90'+5',SCO,0,MAR,1,0,0,in,heartbeat
1781913511016,760445,2,90'+6',SCO,0,MAR,1,0,0,in,heartbeat
1781913540816,760445,2,90'+6',SCO,0,MAR,1,0,0,in,heartbeat
1781913570591,760445,2,90'+7',SCO,0,MAR,1,0,0,in,heartbeat
1781913590097,760445,2,90'+7',SCO,0,MAR,1,0,0,post,game_end
